object,regime,policy,budget,E_osb
obj_03_pumpkin,10,a_opt,0.1,1.2087361167793131
obj_03_pumpkin,10,a_opt,0.2,0.3101266292352825
obj_03_pumpkin,10,a_opt,0.4,0.19834359051597963
obj_03_pumpkin,10,a_opt,0.6,0.19834359051597963
obj_03_pumpkin,10,a_opt,0.8,0.19834359051597963
obj_03_pumpkin,10,d_opt,0.1,1.2396397392022016
obj_03_pumpkin,10,d_opt,0.2,0.3125523830949597
obj_03_pumpkin,10,d_opt,0.4,0.19834359051597963
obj_03_pumpkin,10,d_opt,0.6,0.19834359051597963
obj_03_pumpkin,10,d_opt,0.8,0.19834359051597963
obj_03_pumpkin,10,e_opt,0.1,1.2149039410856741
obj_03_pumpkin,10,e_opt,0.2,0.3101266292352825
obj_03_pumpkin,10,e_opt,0.4,0.19834359051597963
obj_03_pumpkin,10,e_opt,0.6,0.19834359051597963
obj_03_pumpkin,10,e_opt,0.8,0.19834359051597963
obj_03_pumpkin,10,mode_aware,0.1,1.5998432284499835
obj_03_pumpkin,10,mode_aware,0.2,0.7535212662153894
obj_03_pumpkin,10,mode_aware,0.4,0.19834359051597963
obj_03_pumpkin,10,mode_aware,0.6,0.19834359051597963
obj_03_pumpkin,10,mode_aware,0.8,0.19834359051597963
obj_03_pumpkin,10,random,0.1,0.6792228801669771
obj_03_pumpkin,10,random,0.2,0.8297458939700373
obj_03_pumpkin,10,random,0.4,0.9388297399721924
obj_03_pumpkin,10,random,0.6,1.09151826462688
obj_03_pumpkin,10,random,0.8,1.1296893400332186
obj_03_pumpkin,10,random_0,0.1,0.6163591610701735
obj_03_pumpkin,10,random_0,0.2,0.7325773761248214
obj_03_pumpkin,10,random_0,0.4,0.8971313531625983
obj_03_pumpkin,10,random_0,0.6,0.9802917917879991
obj_03_pumpkin,10,random_0,0.8,0.844561523481503
obj_03_pumpkin,10,random_1,0.1,0.7504861070949541
obj_03_pumpkin,10,random_1,0.2,1.007955160665921
obj_03_pumpkin,10,random_1,0.4,1.125050532126255
obj_03_pumpkin,10,random_1,0.6,1.2343889759714755
obj_03_pumpkin,10,random_1,0.8,1.0705089785214597
obj_03_pumpkin,10,random_2,0.1,0.6136158389158043
obj_03_pumpkin,10,random_2,0.2,0.7396466755363922
obj_03_pumpkin,10,random_2,0.4,1.0114623635716302
obj_03_pumpkin,10,random_2,0.6,1.4274926525853198
obj_03_pumpkin,10,random_2,0.8,1.5836649868595394
obj_03_pumpkin,10,random_3,0.1,0.786444713806364
obj_03_pumpkin,10,random_3,0.2,0.9351400584518762
obj_03_pumpkin,10,random_3,0.4,1.0028681507684452
obj_03_pumpkin,10,random_3,0.6,1.0800703974525583
obj_03_pumpkin,10,random_3,0.8,1.2700395988353446
obj_03_pumpkin,10,random_4,0.1,0.6292085799475897
obj_03_pumpkin,10,random_4,0.2,0.7334101990711752
obj_03_pumpkin,10,random_4,0.4,0.6576363002320343
obj_03_pumpkin,10,random_4,0.6,0.7353475053370474
obj_03_pumpkin,10,random_4,0.8,0.8796716124682459
obj_03_pumpkin,100,a_opt,0.1,1.747362105782309
obj_03_pumpkin,100,a_opt,0.2,0.24365616553660907
obj_03_pumpkin,100,a_opt,0.4,0.019191468487322106
obj_03_pumpkin,100,a_opt,0.6,0.019191468487322106
obj_03_pumpkin,100,a_opt,0.8,0.019191468487322106
obj_03_pumpkin,100,d_opt,0.1,1.9960699899378886
obj_03_pumpkin,100,d_opt,0.2,0.40375052272846323
obj_03_pumpkin,100,d_opt,0.4,0.019191468487322106
obj_03_pumpkin,100,d_opt,0.6,0.019191468487322106
obj_03_pumpkin,100,d_opt,0.8,0.019191468487322106
obj_03_pumpkin,100,e_opt,0.1,1.6864449681987927
obj_03_pumpkin,100,e_opt,0.2,0.24365616553660907
obj_03_pumpkin,100,e_opt,0.4,0.019191468487322106
obj_03_pumpkin,100,e_opt,0.6,0.019191468487322106
obj_03_pumpkin,100,e_opt,0.8,0.019191468487322106
obj_03_pumpkin,100,mode_aware,0.1,2.2201069848636625
obj_03_pumpkin,100,mode_aware,0.2,0.9933135964832193
obj_03_pumpkin,100,mode_aware,0.4,0.019191468487322106
obj_03_pumpkin,100,mode_aware,0.6,0.019191468487322106
obj_03_pumpkin,100,mode_aware,0.8,0.019191468487322106
obj_03_pumpkin,100,random,0.1,0.7223075276306059
obj_03_pumpkin,100,random,0.2,0.7688949571738897
obj_03_pumpkin,100,random,0.4,1.1011849754823153
obj_03_pumpkin,100,random,0.6,1.3018634905106778
obj_03_pumpkin,100,random,0.8,1.1649720702080626
obj_03_pumpkin,100,random_0,0.1,0.857113099328339
obj_03_pumpkin,100,random_0,0.2,1.0137963228625197
obj_03_pumpkin,100,random_0,0.4,1.3995401580087663
obj_03_pumpkin,100,random_0,0.6,1.3872286029703342
obj_03_pumpkin,100,random_0,0.8,0.8755625969515363
obj_03_pumpkin,100,random_1,0.1,0.6638336680818909
obj_03_pumpkin,100,random_1,0.2,0.7264778802944519
obj_03_pumpkin,100,random_1,0.4,1.0174510922065139
obj_03_pumpkin,100,random_1,0.6,1.1641761249709137
obj_03_pumpkin,100,random_1,0.8,0.9326686307006539
obj_03_pumpkin,100,random_2,0.1,0.8664393301826879
obj_03_pumpkin,100,random_2,0.2,0.8761425133914269
obj_03_pumpkin,100,random_2,0.4,1.1333802953603282
obj_03_pumpkin,100,random_2,0.6,1.6460051609046387
obj_03_pumpkin,100,random_2,0.8,1.6477538753961405
obj_03_pumpkin,100,random_3,0.1,0.6286180950446797
obj_03_pumpkin,100,random_3,0.2,0.6356707080801944
obj_03_pumpkin,100,random_3,0.4,1.2523610950024162
obj_03_pumpkin,100,random_3,0.6,1.3116369313263117
obj_03_pumpkin,100,random_3,0.8,1.162693732554005
obj_03_pumpkin,100,random_4,0.1,0.5955334455154316
obj_03_pumpkin,100,random_4,0.2,0.5923873612408554
obj_03_pumpkin,100,random_4,0.4,0.7031922368335524
obj_03_pumpkin,100,random_4,0.6,1.0002706323811916
obj_03_pumpkin,100,random_4,0.8,1.2061815154379778
obj_04_dolphin,10,a_opt,0.1,0.2968760367980785
obj_04_dolphin,10,a_opt,0.2,0.12546720914821913
obj_04_dolphin,10,a_opt,0.4,0.029149354841236912
obj_04_dolphin,10,a_opt,0.6,0.029149354841236912
obj_04_dolphin,10,a_opt,0.8,0.029149354841236912
obj_04_dolphin,10,d_opt,0.1,0.2468053033791996
obj_04_dolphin,10,d_opt,0.2,0.12276633776276275
obj_04_dolphin,10,d_opt,0.4,0.029149354841236912
obj_04_dolphin,10,d_opt,0.6,0.029149354841236912
obj_04_dolphin,10,d_opt,0.8,0.029149354841236912
obj_04_dolphin,10,e_opt,0.1,0.279187102991892
obj_04_dolphin,10,e_opt,0.2,0.12918329263248515
obj_04_dolphin,10,e_opt,0.4,0.029149354841236912
obj_04_dolphin,10,e_opt,0.6,0.029149354841236912
obj_04_dolphin,10,e_opt,0.8,0.029149354841236912
obj_04_dolphin,10,mode_aware,0.1,0.22375009594589304
obj_04_dolphin,10,mode_aware,0.2,0.19606948041489156
obj_04_dolphin,10,mode_aware,0.4,0.029149354841236912
obj_04_dolphin,10,mode_aware,0.6,0.029149354841236912
obj_04_dolphin,10,mode_aware,0.8,0.029149354841236912
obj_04_dolphin,10,random,0.1,0.13393759394119362
obj_04_dolphin,10,random,0.2,0.1442149702549662
obj_04_dolphin,10,random,0.4,0.17704561753981668
obj_04_dolphin,10,random,0.6,0.18931889515277484
obj_04_dolphin,10,random,0.8,0.16546001796250143
obj_04_dolphin,10,random_0,0.1,0.14085060065177998
obj_04_dolphin,10,random_0,0.2,0.140575657737521
obj_04_dolphin,10,random_0,0.4,0.174333910616885
obj_04_dolphin,10,random_0,0.6,0.20630003329990573
obj_04_dolphin,10,random_0,0.8,0.1615946496024229
obj_04_dolphin,10,random_1,0.1,0.13176469026579496
obj_04_dolphin,10,random_1,0.2,0.12800064852432283
obj_04_dolphin,10,random_1,0.4,0.15690464597460488
obj_04_dolphin,10,random_1,0.6,0.16558677272456734
obj_04_dolphin,10,random_1,0.8,0.14229745054751552
obj_04_dolphin,10,random_2,0.1,0.1380649773672834
obj_04_dolphin,10,random_2,0.2,0.17778951231834575
obj_04_dolphin,10,random_2,0.4,0.17865513430367874
obj_04_dolphin,10,random_2,0.6,0.18061960767809038
obj_04_dolphin,10,random_2,0.8,0.2144449995311453
obj_04_dolphin,10,random_3,0.1,0.13213325063779593
obj_04_dolphin,10,random_3,0.2,0.1277190885965976
obj_04_dolphin,10,random_3,0.4,0.18650437071481676
obj_04_dolphin,10,random_3,0.6,0.20550985436937216
obj_04_dolphin,10,random_3,0.8,0.18626765533906484
obj_04_dolphin,10,random_4,0.1,0.12687445078331383
obj_04_dolphin,10,random_4,0.2,0.14698994409804386
obj_04_dolphin,10,random_4,0.4,0.18883002608909816
obj_04_dolphin,10,random_4,0.6,0.18857820769193848
obj_04_dolphin,10,random_4,0.8,0.12269533479235857
obj_04_dolphin,100,a_opt,0.1,0.2747589955107888
obj_04_dolphin,100,a_opt,0.2,0.17630108655309043
obj_04_dolphin,100,a_opt,0.4,0.003629191410003065
obj_04_dolphin,100,a_opt,0.6,0.003629191410003065
obj_04_dolphin,100,a_opt,0.8,0.003629191410003065
obj_04_dolphin,100,d_opt,0.1,0.24796952502127287
obj_04_dolphin,100,d_opt,0.2,0.13593139298329818
obj_04_dolphin,100,d_opt,0.4,0.003629191410003065
obj_04_dolphin,100,d_opt,0.6,0.003629191410003065
obj_04_dolphin,100,d_opt,0.8,0.003629191410003065
obj_04_dolphin,100,e_opt,0.1,0.31762847712425085
obj_04_dolphin,100,e_opt,0.2,0.18183950190703724
obj_04_dolphin,100,e_opt,0.4,0.003629191410003065
obj_04_dolphin,100,e_opt,0.6,0.003629191410003065
obj_04_dolphin,100,e_opt,0.8,0.003629191410003065
obj_04_dolphin,100,mode_aware,0.1,0.23252953811649787
obj_04_dolphin,100,mode_aware,0.2,0.2429301491336807
obj_04_dolphin,100,mode_aware,0.4,0.003629191410003065
obj_04_dolphin,100,mode_aware,0.6,0.003629191410003065
obj_04_dolphin,100,mode_aware,0.8,0.003629191410003065
obj_04_dolphin,100,random,0.1,0.1338553039130556
obj_04_dolphin,100,random,0.2,0.14148124757954691
obj_04_dolphin,100,random,0.4,0.19007073153258333
obj_04_dolphin,100,random,0.6,0.19777044906864577
obj_04_dolphin,100,random,0.8,0.1563058467019978
obj_04_dolphin,100,random_0,0.1,0.12152402884719382
obj_04_dolphin,100,random_0,0.2,0.15007670559154607
obj_04_dolphin,100,random_0,0.4,0.14293399499715762
obj_04_dolphin,100,random_0,0.6,0.1604135880455867
obj_04_dolphin,100,random_0,0.8,0.17017301111074623
obj_04_dolphin,100,random_1,0.1,0.12584970578458501
obj_04_dolphin,100,random_1,0.2,0.12923325652718287
obj_04_dolphin,100,random_1,0.4,0.1803463488515377
obj_04_dolphin,100,random_1,0.6,0.1852293234450696
obj_04_dolphin,100,random_1,0.8,0.09836910237582326
obj_04_dolphin,100,random_2,0.1,0.12080181856420569
obj_04_dolphin,100,random_2,0.2,0.12014823261303709
obj_04_dolphin,100,random_2,0.4,0.21102641311162876
obj_04_dolphin,100,random_2,0.6,0.26564545098760073
obj_04_dolphin,100,random_2,0.8,0.23934407763062762
obj_04_dolphin,100,random_3,0.1,0.16712375594943496
obj_04_dolphin,100,random_3,0.2,0.17819592368126913
obj_04_dolphin,100,random_3,0.4,0.23680047172388038
obj_04_dolphin,100,random_3,0.6,0.2365801495545452
obj_04_dolphin,100,random_3,0.8,0.1328782154218996
obj_04_dolphin,100,random_4,0.1,0.13397721041985858
obj_04_dolphin,100,random_4,0.2,0.12975211948469945
obj_04_dolphin,100,random_4,0.4,0.1792464289787122
obj_04_dolphin,100,random_4,0.6,0.1409837333104266
obj_04_dolphin,100,random_4,0.8,0.14076482697089224
obj_07_pumpkin2,10,a_opt,0.1,0.518242364026373
obj_07_pumpkin2,10,a_opt,0.2,0.45515432126165295
obj_07_pumpkin2,10,a_opt,0.4,0.06739293654080707
obj_07_pumpkin2,10,a_opt,0.6,0.06739293654080707
obj_07_pumpkin2,10,a_opt,0.8,0.06739293654080707
obj_07_pumpkin2,10,d_opt,0.1,0.48358171924299714
obj_07_pumpkin2,10,d_opt,0.2,0.4768731892505356
obj_07_pumpkin2,10,d_opt,0.4,0.06739293654080707
obj_07_pumpkin2,10,d_opt,0.6,0.06739293654080707
obj_07_pumpkin2,10,d_opt,0.8,0.06739293654080707
obj_07_pumpkin2,10,e_opt,0.1,0.5070862485733948
obj_07_pumpkin2,10,e_opt,0.2,0.4548296723348299
obj_07_pumpkin2,10,e_opt,0.4,0.06739293654080707
obj_07_pumpkin2,10,e_opt,0.6,0.06739293654080707
obj_07_pumpkin2,10,e_opt,0.8,0.06739293654080707
obj_07_pumpkin2,10,mode_aware,0.1,0.4255920066528999
obj_07_pumpkin2,10,mode_aware,0.2,0.5776118927801558
obj_07_pumpkin2,10,mode_aware,0.4,0.06739293654080707
obj_07_pumpkin2,10,mode_aware,0.6,0.06739293654080707
obj_07_pumpkin2,10,mode_aware,0.8,0.06739293654080707
obj_07_pumpkin2,10,random,0.1,0.3133039300667303
obj_07_pumpkin2,10,random,0.2,0.3447436691076082
obj_07_pumpkin2,10,random,0.4,0.39453828980234384
obj_07_pumpkin2,10,random,0.6,0.37306256175887204
obj_07_pumpkin2,10,random,0.8,0.25663788310367186
obj_07_pumpkin2,10,random_0,0.1,0.361975639234299
obj_07_pumpkin2,10,random_0,0.2,0.36995896687693125
obj_07_pumpkin2,10,random_0,0.4,0.3511185335079026
obj_07_pumpkin2,10,random_0,0.6,0.3262558044191037
obj_07_pumpkin2,10,random_0,0.8,0.33759685144456114
obj_07_pumpkin2,10,random_1,0.1,0.30851031106225907
obj_07_pumpkin2,10,random_1,0.2,0.4010914019080431
obj_07_pumpkin2,10,random_1,0.4,0.4672971130647796
obj_07_pumpkin2,10,random_1,0.6,0.2870822126699284
obj_07_pumpkin2,10,random_1,0.8,0.24166125254925244
obj_07_pumpkin2,10,random_2,0.1,0.28705540007911473
obj_07_pumpkin2,10,random_2,0.2,0.281979475752751
obj_07_pumpkin2,10,random_2,0.4,0.4582020160314387
obj_07_pumpkin2,10,random_2,0.6,0.47113351215914384
obj_07_pumpkin2,10,random_2,0.8,0.35739792134262743
obj_07_pumpkin2,10,random_3,0.1,0.3080524565527041
obj_07_pumpkin2,10,random_3,0.2,0.3694612892501299
obj_07_pumpkin2,10,random_3,0.4,0.35222335655599285
obj_07_pumpkin2,10,random_3,0.6,0.392215059064888
obj_07_pumpkin2,10,random_3,0.8,0.09796989653932835
obj_07_pumpkin2,10,random_4,0.1,0.30092584340527445
obj_07_pumpkin2,10,random_4,0.2,0.3012272117501858
obj_07_pumpkin2,10,random_4,0.4,0.34385042985160563
obj_07_pumpkin2,10,random_4,0.6,0.38862622048129625
obj_07_pumpkin2,10,random_4,0.8,0.24856349364258998
obj_07_pumpkin2,100,a_opt,0.1,0.5703853873283624
obj_07_pumpkin2,100,a_opt,0.2,0.5795044444433757
obj_07_pumpkin2,100,a_opt,0.4,0.006297575238305312
obj_07_pumpkin2,100,a_opt,0.6,0.006297575238305312
obj_07_pumpkin2,100,a_opt,0.8,0.006297575238305312
obj_07_pumpkin2,100,d_opt,0.1,0.44724357729548103
obj_07_pumpkin2,100,d_opt,0.2,0.6004327703412264
obj_07_pumpkin2,100,d_opt,0.4,0.006297575238305312
obj_07_pumpkin2,100,d_opt,0.6,0.006297575238305312
obj_07_pumpkin2,100,d_opt,0.8,0.006297575238305312
obj_07_pumpkin2,100,e_opt,0.1,0.5880848175746782
obj_07_pumpkin2,100,e_opt,0.2,0.49872893900033205
obj_07_pumpkin2,100,e_opt,0.4,0.006297575238305312
obj_07_pumpkin2,100,e_opt,0.6,0.006297575238305312
obj_07_pumpkin2,100,e_opt,0.8,0.006297575238305312
obj_07_pumpkin2,100,mode_aware,0.1,0.4295925613561377
obj_07_pumpkin2,100,mode_aware,0.2,0.6623070168957431
obj_07_pumpkin2,100,mode_aware,0.4,0.006297575238305312
obj_07_pumpkin2,100,mode_aware,0.6,0.006297575238305312
obj_07_pumpkin2,100,mode_aware,0.8,0.006297575238305312
obj_07_pumpkin2,100,random,0.1,0.30383430427744257
obj_07_pumpkin2,100,random,0.2,0.3574070067315952
obj_07_pumpkin2,100,random,0.4,0.48001332525627144
obj_07_pumpkin2,100,random,0.6,0.5526532307803478
obj_07_pumpkin2,100,random,0.8,0.44032099590556795
obj_07_pumpkin2,100,random_0,0.1,0.26672904669285763
obj_07_pumpkin2,100,random_0,0.2,0.261447349731163
obj_07_pumpkin2,100,random_0,0.4,0.4165035968650496
obj_07_pumpkin2,100,random_0,0.6,0.5381202284416331
obj_07_pumpkin2,100,random_0,0.8,0.5135251305349534
obj_07_pumpkin2,100,random_1,0.1,0.29548707791823897
obj_07_pumpkin2,100,random_1,0.2,0.3902830679981877
obj_07_pumpkin2,100,random_1,0.4,0.5092254527564624
obj_07_pumpkin2,100,random_1,0.6,0.3902899212233597
obj_07_pumpkin2,100,random_1,0.8,0.28835308893017414
obj_07_pumpkin2,100,random_2,0.1,0.2903061295544492
obj_07_pumpkin2,100,random_2,0.2,0.40520158578558424
obj_07_pumpkin2,100,random_2,0.4,0.48554900517228283
obj_07_pumpkin2,100,random_2,0.6,0.5339889801710009
obj_07_pumpkin2,100,random_2,0.8,0.5001054271671102
obj_07_pumpkin2,100,random_3,0.1,0.3525179114004293
obj_07_pumpkin2,100,random_3,0.2,0.38958364662289835
obj_07_pumpkin2,100,random_3,0.4,0.4489342545489552
obj_07_pumpkin2,100,random_3,0.6,0.6452483299262582
obj_07_pumpkin2,100,random_3,0.8,0.23926646546023764
obj_07_pumpkin2,100,random_4,0.1,0.3141313558212377
obj_07_pumpkin2,100,random_4,0.2,0.34051938352014277
obj_07_pumpkin2,100,random_4,0.4,0.5398543169386074
obj_07_pumpkin2,100,random_4,0.6,0.6556186941394874
obj_07_pumpkin2,100,random_4,0.8,0.6603548674353648
obj_09_ball,10,a_opt,0.1,0.6729767841661164
obj_09_ball,10,a_opt,0.2,0.5051840598243693
obj_09_ball,10,a_opt,0.4,0.10477216208408598
obj_09_ball,10,a_opt,0.6,0.10477216208408598
obj_09_ball,10,a_opt,0.8,0.10477216208408598
obj_09_ball,10,d_opt,0.1,0.6718126265453744
obj_09_ball,10,d_opt,0.2,0.4869393935326676
obj_09_ball,10,d_opt,0.4,0.10477216208408598
obj_09_ball,10,d_opt,0.6,0.10477216208408598
obj_09_ball,10,d_opt,0.8,0.10477216208408598
obj_09_ball,10,e_opt,0.1,0.6729767841661164
obj_09_ball,10,e_opt,0.2,0.5040069326596771
obj_09_ball,10,e_opt,0.4,0.10477216208408598
obj_09_ball,10,e_opt,0.6,0.10477216208408598
obj_09_ball,10,e_opt,0.8,0.10477216208408598
obj_09_ball,10,mode_aware,0.1,0.7862977633845342
obj_09_ball,10,mode_aware,0.2,0.47253138444928705
obj_09_ball,10,mode_aware,0.4,0.10477216208408598
obj_09_ball,10,mode_aware,0.6,0.10477216208408598
obj_09_ball,10,mode_aware,0.8,0.10477216208408598
obj_09_ball,10,random,0.1,0.48742713022079454
obj_09_ball,10,random,0.2,0.5060673860809788
obj_09_ball,10,random,0.4,0.6332593691001225
obj_09_ball,10,random,0.6,0.6993410292892925
obj_09_ball,10,random,0.8,0.5358041284558468
obj_09_ball,10,random_0,0.1,0.47429516633794017
obj_09_ball,10,random_0,0.2,0.49949049875250456
obj_09_ball,10,random_0,0.4,0.5123601705344843
obj_09_ball,10,random_0,0.6,0.5770768117595094
obj_09_ball,10,random_0,0.8,0.5916352044110641
obj_09_ball,10,random_1,0.1,0.5027387030463512
obj_09_ball,10,random_1,0.2,0.5134200073428197
obj_09_ball,10,random_1,0.4,0.573475452434142
obj_09_ball,10,random_1,0.6,0.6225665103985013
obj_09_ball,10,random_1,0.8,0.22765178921731474
obj_09_ball,10,random_2,0.1,0.4762002574003013
obj_09_ball,10,random_2,0.2,0.5187227179628014
obj_09_ball,10,random_2,0.4,0.6709420194171308
obj_09_ball,10,random_2,0.6,0.707240506320069
obj_09_ball,10,random_2,0.8,0.4313439165796365
obj_09_ball,10,random_3,0.1,0.5113704341873505
obj_09_ball,10,random_3,0.2,0.5368648330319908
obj_09_ball,10,random_3,0.4,0.739651546868334
obj_09_ball,10,random_3,0.6,0.8376226831844318
obj_09_ball,10,random_3,0.8,0.7827463237547655
obj_09_ball,10,random_4,0.1,0.4725310901320296
obj_09_ball,10,random_4,0.2,0.4618388733147774
obj_09_ball,10,random_4,0.4,0.6698676562465216
obj_09_ball,10,random_4,0.6,0.7521986347839512
obj_09_ball,10,random_4,0.8,0.6456434083164526
obj_09_ball,100,a_opt,0.1,0.7793163817056992
obj_09_ball,100,a_opt,0.2,0.565768379494859
obj_09_ball,100,a_opt,0.4,0.010531065863192782
obj_09_ball,100,a_opt,0.6,0.010531065863192782
obj_09_ball,100,a_opt,0.8,0.010531065863192782
obj_09_ball,100,d_opt,0.1,0.7498256889454303
obj_09_ball,100,d_opt,0.2,0.4856144683691976
obj_09_ball,100,d_opt,0.4,0.010531065863192782
obj_09_ball,100,d_opt,0.6,0.010531065863192782
obj_09_ball,100,d_opt,0.8,0.010531065863192782
obj_09_ball,100,e_opt,0.1,0.7793163817056992
obj_09_ball,100,e_opt,0.2,0.5756716091566147
obj_09_ball,100,e_opt,0.4,0.010531065863192782
obj_09_ball,100,e_opt,0.6,0.010531065863192782
obj_09_ball,100,e_opt,0.8,0.010531065863192782
obj_09_ball,100,mode_aware,0.1,0.8980891298172492
obj_09_ball,100,mode_aware,0.2,0.7189461949222676
obj_09_ball,100,mode_aware,0.4,0.010531065863192782
obj_09_ball,100,mode_aware,0.6,0.010531065863192782
obj_09_ball,100,mode_aware,0.8,0.010531065863192782
obj_09_ball,100,random,0.1,0.5070958793620468
obj_09_ball,100,random,0.2,0.5792930796985803
obj_09_ball,100,random,0.4,0.6461877804316574
obj_09_ball,100,random,0.6,0.8809759030759453
obj_09_ball,100,random,0.8,0.7167129428815343
obj_09_ball,100,random_0,0.1,0.48497308080587276
obj_09_ball,100,random_0,0.2,0.48558022408284957
obj_09_ball,100,random_0,0.4,0.610055839191949
obj_09_ball,100,random_0,0.6,0.7907554462520981
obj_09_ball,100,random_0,0.8,0.709995105304892
obj_09_ball,100,random_1,0.1,0.5006015660877056
obj_09_ball,100,random_1,0.2,0.5909472567756686
obj_09_ball,100,random_1,0.4,0.5466684268836515
obj_09_ball,100,random_1,0.6,0.8649681049920575
obj_09_ball,100,random_1,0.8,0.5108812606559082
obj_09_ball,100,random_2,0.1,0.5285892207664201
obj_09_ball,100,random_2,0.2,0.5402599655778685
obj_09_ball,100,random_2,0.4,0.5618639324359425
obj_09_ball,100,random_2,0.6,0.7361228296456074
obj_09_ball,100,random_2,0.8,0.6582437865815083
obj_09_ball,100,random_3,0.1,0.48061724118168286
obj_09_ball,100,random_3,0.2,0.7212154260184448
obj_09_ball,100,random_3,0.4,0.9097431517555346
obj_09_ball,100,random_3,0.6,1.213329612556764
obj_09_ball,100,random_3,0.8,0.9619623459243133
obj_09_ball,100,random_4,0.1,0.5406982879685525
obj_09_ball,100,random_4,0.2,0.5584625260380703
obj_09_ball,100,random_4,0.4,0.6026075518912094
obj_09_ball,100,random_4,0.6,0.7997035219331997
obj_09_ball,100,random_4,0.8,0.7424822159410499
obj_10_pumpkin3,10,a_opt,0.1,1.4647684838666306
obj_10_pumpkin3,10,a_opt,0.2,1.0213564964960697
obj_10_pumpkin3,10,a_opt,0.4,0.18893647444589867
obj_10_pumpkin3,10,a_opt,0.6,0.18893647444589867
obj_10_pumpkin3,10,a_opt,0.8,0.18893647444589867
obj_10_pumpkin3,10,d_opt,0.1,1.4668288535713796
obj_10_pumpkin3,10,d_opt,0.2,1.0434063519161134
obj_10_pumpkin3,10,d_opt,0.4,0.18893647444589867
obj_10_pumpkin3,10,d_opt,0.6,0.18893647444589867
obj_10_pumpkin3,10,d_opt,0.8,0.18893647444589867
obj_10_pumpkin3,10,e_opt,0.1,1.5494016233400636
obj_10_pumpkin3,10,e_opt,0.2,0.9754674953986827
obj_10_pumpkin3,10,e_opt,0.4,0.18893647444589867
obj_10_pumpkin3,10,e_opt,0.6,0.18893647444589867
obj_10_pumpkin3,10,e_opt,0.8,0.18893647444589867
obj_10_pumpkin3,10,mode_aware,0.1,1.6330254472844994
obj_10_pumpkin3,10,mode_aware,0.2,1.167070944448238
obj_10_pumpkin3,10,mode_aware,0.4,0.18893647444589867
obj_10_pumpkin3,10,mode_aware,0.6,0.18893647444589867
obj_10_pumpkin3,10,mode_aware,0.8,0.18893647444589867
obj_10_pumpkin3,10,random,0.1,1.1497349517169009
obj_10_pumpkin3,10,random,0.2,1.240824491493664
obj_10_pumpkin3,10,random,0.4,1.3299184014125573
obj_10_pumpkin3,10,random,0.6,1.413745097066261
obj_10_pumpkin3,10,random,0.8,1.2450816239735047
obj_10_pumpkin3,10,random_0,0.1,1.128654058090728
obj_10_pumpkin3,10,random_0,0.2,1.173955534023734
obj_10_pumpkin3,10,random_0,0.4,1.1822415739174261
obj_10_pumpkin3,10,random_0,0.6,1.0378682305753542
obj_10_pumpkin3,10,random_0,0.8,0.956731723104884
obj_10_pumpkin3,10,random_1,0.1,1.109334480914046
obj_10_pumpkin3,10,random_1,0.2,1.2401065418498698
obj_10_pumpkin3,10,random_1,0.4,1.4005702195299374
obj_10_pumpkin3,10,random_1,0.6,1.6128592967809743
obj_10_pumpkin3,10,random_1,0.8,0.9569774827831141
obj_10_pumpkin3,10,random_2,0.1,1.205475729711779
obj_10_pumpkin3,10,random_2,0.2,1.3429672966798591
obj_10_pumpkin3,10,random_2,0.4,1.379552957224255
obj_10_pumpkin3,10,random_2,0.6,1.5394725055287173
obj_10_pumpkin3,10,random_2,0.8,1.5177419438051292
obj_10_pumpkin3,10,random_3,0.1,1.1818550908006673
obj_10_pumpkin3,10,random_3,0.2,1.234917600870554
obj_10_pumpkin3,10,random_3,0.4,1.2605490755540958
obj_10_pumpkin3,10,random_3,0.6,1.3484920267799902
obj_10_pumpkin3,10,random_3,0.8,1.5099673867204204
obj_10_pumpkin3,10,random_4,0.1,1.123355399067285
obj_10_pumpkin3,10,random_4,0.2,1.212175484044302
obj_10_pumpkin3,10,random_4,0.4,1.4266781808370732
obj_10_pumpkin3,10,random_4,0.6,1.5300334256662695
obj_10_pumpkin3,10,random_4,0.8,1.283989583453976
obj_10_pumpkin3,100,a_opt,0.1,1.6588550576869716
obj_10_pumpkin3,100,a_opt,0.2,1.0282619436575207
obj_10_pumpkin3,100,a_opt,0.4,0.017563395425838697
obj_10_pumpkin3,100,a_opt,0.6,0.017563395425838697
obj_10_pumpkin3,100,a_opt,0.8,0.017563395425838697
obj_10_pumpkin3,100,d_opt,0.1,1.735663092033901
obj_10_pumpkin3,100,d_opt,0.2,1.3064090726425146
obj_10_pumpkin3,100,d_opt,0.4,0.017563395425838697
obj_10_pumpkin3,100,d_opt,0.6,0.017563395425838697
obj_10_pumpkin3,100,d_opt,0.8,0.017563395425838697
obj_10_pumpkin3,100,e_opt,0.1,1.72477655481097
obj_10_pumpkin3,100,e_opt,0.2,1.2920469683973435
obj_10_pumpkin3,100,e_opt,0.4,0.017563395425838697
obj_10_pumpkin3,100,e_opt,0.6,0.017563395425838697
obj_10_pumpkin3,100,e_opt,0.8,0.017563395425838697
obj_10_pumpkin3,100,mode_aware,0.1,1.7093153352953576
obj_10_pumpkin3,100,mode_aware,0.2,1.3509119618661742
obj_10_pumpkin3,100,mode_aware,0.4,0.017563395425838697
obj_10_pumpkin3,100,mode_aware,0.6,0.017563395425838697
obj_10_pumpkin3,100,mode_aware,0.8,0.017563395425838697
obj_10_pumpkin3,100,random,0.1,1.1701857343129922
obj_10_pumpkin3,100,random,0.2,1.232430213539663
obj_10_pumpkin3,100,random,0.4,1.3083122525306485
obj_10_pumpkin3,100,random,0.6,1.5330371459218737
obj_10_pumpkin3,100,random,0.8,1.4621616121790146
obj_10_pumpkin3,100,random_0,0.1,1.2208861913839941
obj_10_pumpkin3,100,random_0,0.2,1.2063011686328453
obj_10_pumpkin3,100,random_0,0.4,1.3607935446738273
obj_10_pumpkin3,100,random_0,0.6,1.557324559645285
obj_10_pumpkin3,100,random_0,0.8,2.096788623967402
obj_10_pumpkin3,100,random_1,0.1,1.2645989344757054
obj_10_pumpkin3,100,random_1,0.2,1.2698236672403624
obj_10_pumpkin3,100,random_1,0.4,1.2418324101489708
obj_10_pumpkin3,100,random_1,0.6,1.4768284942262795
obj_10_pumpkin3,100,random_1,0.8,1.4621989661170334
obj_10_pumpkin3,100,random_2,0.1,1.22601738171193
obj_10_pumpkin3,100,random_2,0.2,1.473136778440331
obj_10_pumpkin3,100,random_2,0.4,1.4697932075394504
obj_10_pumpkin3,100,random_2,0.6,1.4058228692931802
obj_10_pumpkin3,100,random_2,0.8,0.7247772266067702
obj_10_pumpkin3,100,random_3,0.1,1.1174256174081465
obj_10_pumpkin3,100,random_3,0.2,1.1946034749205088
obj_10_pumpkin3,100,random_3,0.4,1.5540275488885167
obj_10_pumpkin3,100,random_3,0.6,1.930811640478261
obj_10_pumpkin3,100,random_3,0.8,1.930712478417953
obj_10_pumpkin3,100,random_4,0.1,1.0220005465851842
obj_10_pumpkin3,100,random_4,0.2,1.0182859784642677
obj_10_pumpkin3,100,random_4,0.4,0.9151145514024778
obj_10_pumpkin3,100,random_4,0.6,1.2943981659663626
obj_10_pumpkin3,100,random_4,0.8,1.0963307657859158
obj_11_pine,10,a_opt,0.1,0.3813136360279603
obj_11_pine,10,a_opt,0.2,0.20320051985710919
obj_11_pine,10,a_opt,0.4,0.032680283219192356
obj_11_pine,10,a_opt,0.6,0.032680283219192356
obj_11_pine,10,a_opt,0.8,0.032680283219192356
obj_11_pine,10,d_opt,0.1,0.34654452494319954
obj_11_pine,10,d_opt,0.2,0.2620196857008533
obj_11_pine,10,d_opt,0.4,0.032680283219192356
obj_11_pine,10,d_opt,0.6,0.032680283219192356
obj_11_pine,10,d_opt,0.8,0.032680283219192356
obj_11_pine,10,e_opt,0.1,0.3831729526367391
obj_11_pine,10,e_opt,0.2,0.20229659377984133
obj_11_pine,10,e_opt,0.4,0.032680283219192356
obj_11_pine,10,e_opt,0.6,0.032680283219192356
obj_11_pine,10,e_opt,0.8,0.032680283219192356
obj_11_pine,10,mode_aware,0.1,0.39444507350851793
obj_11_pine,10,mode_aware,0.2,0.33371372208808864
obj_11_pine,10,mode_aware,0.4,0.032680283219192356
obj_11_pine,10,mode_aware,0.6,0.032680283219192356
obj_11_pine,10,mode_aware,0.8,0.032680283219192356
obj_11_pine,10,random,0.1,0.22198189814833036
obj_11_pine,10,random,0.2,0.23152236603477797
obj_11_pine,10,random,0.4,0.23844869768816546
obj_11_pine,10,random,0.6,0.23344420846855973
obj_11_pine,10,random,0.8,0.1613450614674141
obj_11_pine,10,random_0,0.1,0.204655376507521
obj_11_pine,10,random_0,0.2,0.21415181674885597
obj_11_pine,10,random_0,0.4,0.21718143620601363
obj_11_pine,10,random_0,0.6,0.1528965800235746
obj_11_pine,10,random_0,0.8,0.10751293875977226
obj_11_pine,10,random_1,0.1,0.21678264888956078
obj_11_pine,10,random_1,0.2,0.2070406868907495
obj_11_pine,10,random_1,0.4,0.2266977900223622
obj_11_pine,10,random_1,0.6,0.2443881373794077
obj_11_pine,10,random_1,0.8,0.19507872181531793
obj_11_pine,10,random_2,0.1,0.23755069946109744
obj_11_pine,10,random_2,0.2,0.23366852488914014
obj_11_pine,10,random_2,0.4,0.23477991689113842
obj_11_pine,10,random_2,0.6,0.27028295277987713
obj_11_pine,10,random_2,0.8,0.1595973940512548
obj_11_pine,10,random_3,0.1,0.22419547937665452
obj_11_pine,10,random_3,0.2,0.24768651340803038
obj_11_pine,10,random_3,0.4,0.24571828441161267
obj_11_pine,10,random_3,0.6,0.2651085301671858
obj_11_pine,10,random_3,0.8,0.20019393333195676
obj_11_pine,10,random_4,0.1,0.22672528650681814
obj_11_pine,10,random_4,0.2,0.25506428823711386
obj_11_pine,10,random_4,0.4,0.2678660609097004
obj_11_pine,10,random_4,0.6,0.23454484199275347
obj_11_pine,10,random_4,0.8,0.14434231937876876
obj_11_pine,100,a_opt,0.1,0.4830145787437365
obj_11_pine,100,a_opt,0.2,0.2439651636898125
obj_11_pine,100,a_opt,0.4,0.0031648929530316626
obj_11_pine,100,a_opt,0.6,0.0031648929530316626
obj_11_pine,100,a_opt,0.8,0.0031648929530316626
obj_11_pine,100,d_opt,0.1,0.39183228274768456
obj_11_pine,100,d_opt,0.2,0.2749306817952047
obj_11_pine,100,d_opt,0.4,0.0031648929530316626
obj_11_pine,100,d_opt,0.6,0.0031648929530316626
obj_11_pine,100,d_opt,0.8,0.0031648929530316626
obj_11_pine,100,e_opt,0.1,0.4551885219436122
obj_11_pine,100,e_opt,0.2,0.24045094054041113
obj_11_pine,100,e_opt,0.4,0.0031648929530316626
obj_11_pine,100,e_opt,0.6,0.0031648929530316626
obj_11_pine,100,e_opt,0.8,0.0031648929530316626
obj_11_pine,100,mode_aware,0.1,0.37500026134469794
obj_11_pine,100,mode_aware,0.2,0.40550296963243787
obj_11_pine,100,mode_aware,0.4,0.0031648929530316626
obj_11_pine,100,mode_aware,0.6,0.0031648929530316626
obj_11_pine,100,mode_aware,0.8,0.0031648929530316626
obj_11_pine,100,random,0.1,0.23591638967315057
obj_11_pine,100,random,0.2,0.23408331284512127
obj_11_pine,100,random,0.4,0.24048669965995648
obj_11_pine,100,random,0.6,0.22773365648468769
obj_11_pine,100,random,0.8,0.19002354005497882
obj_11_pine,100,random_0,0.1,0.22937709552341698
obj_11_pine,100,random_0,0.2,0.22881907829725545
obj_11_pine,100,random_0,0.4,0.2136128915053542
obj_11_pine,100,random_0,0.6,0.23380497104383616
obj_11_pine,100,random_0,0.8,0.18988623632753643
obj_11_pine,100,random_1,0.1,0.24125214495084923
obj_11_pine,100,random_1,0.2,0.24611213355851513
obj_11_pine,100,random_1,0.4,0.2956327278552681
obj_11_pine,100,random_1,0.6,0.27059982426093143
obj_11_pine,100,random_1,0.8,0.18873507438583792
obj_11_pine,100,random_2,0.1,0.22707889390654748
obj_11_pine,100,random_2,0.2,0.20519319771499087
obj_11_pine,100,random_2,0.4,0.2357996918071996
obj_11_pine,100,random_2,0.6,0.2332119040545542
obj_11_pine,100,random_2,0.8,0.26607389018367766
obj_11_pine,100,random_3,0.1,0.2226223344541681
obj_11_pine,100,random_3,0.2,0.23101208006995688
obj_11_pine,100,random_3,0.4,0.19105813718150644
obj_11_pine,100,random_3,0.6,0.13647636548230713
obj_11_pine,100,random_3,0.8,0.05684111326531802
obj_11_pine,100,random_4,0.1,0.25925147953077105
obj_11_pine,100,random_4,0.2,0.259280074584888
obj_11_pine,100,random_4,0.4,0.2663300499504542
obj_11_pine,100,random_4,0.6,0.2645752175818097
obj_11_pine,100,random_4,0.8,0.24858138611252398
obj_13_mushroom,10,a_opt,0.1,1.0298933236454821
obj_13_mushroom,10,a_opt,0.2,0.5828011940678616
obj_13_mushroom,10,a_opt,0.4,0.14071697094396532
obj_13_mushroom,10,a_opt,0.6,0.14071697094396532
obj_13_mushroom,10,a_opt,0.8,0.14071697094396532
obj_13_mushroom,10,d_opt,0.1,0.8049613132178237
obj_13_mushroom,10,d_opt,0.2,0.5641335412251692
obj_13_mushroom,10,d_opt,0.4,0.14071697094396532
obj_13_mushroom,10,d_opt,0.6,0.14071697094396532
obj_13_mushroom,10,d_opt,0.8,0.14071697094396532
obj_13_mushroom,10,e_opt,0.1,1.0560827683829206
obj_13_mushroom,10,e_opt,0.2,0.5828011940678616
obj_13_mushroom,10,e_opt,0.4,0.14071697094396532
obj_13_mushroom,10,e_opt,0.6,0.14071697094396532
obj_13_mushroom,10,e_opt,0.8,0.14071697094396532
obj_13_mushroom,10,mode_aware,0.1,1.0445951579219315
obj_13_mushroom,10,mode_aware,0.2,0.6074991600954339
obj_13_mushroom,10,mode_aware,0.4,0.14071697094396532
obj_13_mushroom,10,mode_aware,0.6,0.14071697094396532
obj_13_mushroom,10,mode_aware,0.8,0.14071697094396532
obj_13_mushroom,10,random,0.1,0.7265372858335005
obj_13_mushroom,10,random,0.2,0.7370496386779329
obj_13_mushroom,10,random,0.4,0.8340498951184564
obj_13_mushroom,10,random,0.6,0.9324324842736388
obj_13_mushroom,10,random,0.8,0.7190870471405777
obj_13_mushroom,10,random_0,0.1,0.8339992734997167
obj_13_mushroom,10,random_0,0.2,0.8423196913721571
obj_13_mushroom,10,random_0,0.4,0.7539227250458523
obj_13_mushroom,10,random_0,0.6,0.8745317552221518
obj_13_mushroom,10,random_0,0.8,0.6639402646681313
obj_13_mushroom,10,random_1,0.1,0.7211711494852463
obj_13_mushroom,10,random_1,0.2,0.7696071786054329
obj_13_mushroom,10,random_1,0.4,0.8586354767908365
obj_13_mushroom,10,random_1,0.6,0.6895613776861863
obj_13_mushroom,10,random_1,0.8,0.6896940803923567
obj_13_mushroom,10,random_2,0.1,0.741819227710064
obj_13_mushroom,10,random_2,0.2,0.6885821959503632
obj_13_mushroom,10,random_2,0.4,0.8476211458822829
obj_13_mushroom,10,random_2,0.6,0.9768111715372
obj_13_mushroom,10,random_2,0.8,0.8530981197088249
obj_13_mushroom,10,random_3,0.1,0.6887554788378965
obj_13_mushroom,10,random_3,0.2,0.7080963791070037
obj_13_mushroom,10,random_3,0.4,0.9445331994165936
obj_13_mushroom,10,random_3,0.6,1.2169298900868342
obj_13_mushroom,10,random_3,0.8,0.6962027687531246
obj_13_mushroom,10,random_4,0.1,0.646941299634579
obj_13_mushroom,10,random_4,0.2,0.6766427483547076
obj_13_mushroom,10,random_4,0.4,0.7655369284567168
obj_13_mushroom,10,random_4,0.6,0.9043282268358217
obj_13_mushroom,10,random_4,0.8,0.6925000021804509
obj_13_mushroom,100,a_opt,0.1,0.9953428169865625
obj_13_mushroom,100,a_opt,0.2,0.713407066472502
obj_13_mushroom,100,a_opt,0.4,0.012093038708193067
obj_13_mushroom,100,a_opt,0.6,0.012093038708193067
obj_13_mushroom,100,a_opt,0.8,0.012093038708193067
obj_13_mushroom,100,d_opt,0.1,1.0610924330519034
obj_13_mushroom,100,d_opt,0.2,0.6914704019453691
obj_13_mushroom,100,d_opt,0.4,0.012093038708193067
obj_13_mushroom,100,d_opt,0.6,0.012093038708193067
obj_13_mushroom,100,d_opt,0.8,0.012093038708193067
obj_13_mushroom,100,e_opt,0.1,0.9953428169865625
obj_13_mushroom,100,e_opt,0.2,0.713407066472502
obj_13_mushroom,100,e_opt,0.4,0.012093038708193067
obj_13_mushroom,100,e_opt,0.6,0.012093038708193067
obj_13_mushroom,100,e_opt,0.8,0.012093038708193067
obj_13_mushroom,100,mode_aware,0.1,1.2378916207790278
obj_13_mushroom,100,mode_aware,0.2,0.7410649416627405
obj_13_mushroom,100,mode_aware,0.4,0.012093038708193067
obj_13_mushroom,100,mode_aware,0.6,0.012093038708193067
obj_13_mushroom,100,mode_aware,0.8,0.012093038708193067
obj_13_mushroom,100,random,0.1,0.7471391555068697
obj_13_mushroom,100,random,0.2,0.7952353414170498
obj_13_mushroom,100,random,0.4,0.9139935035016558
obj_13_mushroom,100,random,0.6,0.9742033167198866
obj_13_mushroom,100,random,0.8,0.8591707582384697
obj_13_mushroom,100,random_0,0.1,0.9197935733785035
obj_13_mushroom,100,random_0,0.2,0.9798037028443751
obj_13_mushroom,100,random_0,0.4,1.1361660385883614
obj_13_mushroom,100,random_0,0.6,1.1371383583534895
obj_13_mushroom,100,random_0,0.8,0.7155956424710936
obj_13_mushroom,100,random_1,0.1,0.674548485185686
obj_13_mushroom,100,random_1,0.2,0.7415956952095916
obj_13_mushroom,100,random_1,0.4,0.7481056329820442
obj_13_mushroom,100,random_1,0.6,0.7230694363940083
obj_13_mushroom,100,random_1,0.8,0.8515926937024828
obj_13_mushroom,100,random_2,0.1,0.7026228320230751
obj_13_mushroom,100,random_2,0.2,0.6917672295820557
obj_13_mushroom,100,random_2,0.4,0.8707379867804924
obj_13_mushroom,100,random_2,0.6,1.050747344747869
obj_13_mushroom,100,random_2,0.8,0.6531526132289955
obj_13_mushroom,100,random_3,0.1,0.6660211679156066
obj_13_mushroom,100,random_3,0.2,0.7263523292817203
obj_13_mushroom,100,random_3,0.4,0.838180598917848
obj_13_mushroom,100,random_3,0.6,0.9486730264972237
obj_13_mushroom,100,random_3,0.8,0.9352193312655027
obj_13_mushroom,100,random_4,0.1,0.7727097190314772
obj_13_mushroom,100,random_4,0.2,0.836657750167506
obj_13_mushroom,100,random_4,0.4,0.9767772602395329
obj_13_mushroom,100,random_4,0.6,1.0113884176068424
obj_13_mushroom,100,random_4,0.8,1.1402935105242737
obj_16_friends_cup,10,a_opt,0.1,2.879745153439812
obj_16_friends_cup,10,a_opt,0.2,0.6091614115747722
obj_16_friends_cup,10,a_opt,0.4,0.32349059676425373
obj_16_friends_cup,10,a_opt,0.6,0.32349059676425373
obj_16_friends_cup,10,a_opt,0.8,0.32349059676425373
obj_16_friends_cup,10,d_opt,0.1,2.8463349952920165
obj_16_friends_cup,10,d_opt,0.2,0.6724127177269946
obj_16_friends_cup,10,d_opt,0.4,0.32349059676425373
obj_16_friends_cup,10,d_opt,0.6,0.32349059676425373
obj_16_friends_cup,10,d_opt,0.8,0.32349059676425373
obj_16_friends_cup,10,e_opt,0.1,2.6371245344580996
obj_16_friends_cup,10,e_opt,0.2,0.6091614115747722
obj_16_friends_cup,10,e_opt,0.4,0.32349059676425373
obj_16_friends_cup,10,e_opt,0.6,0.32349059676425373
obj_16_friends_cup,10,e_opt,0.8,0.32349059676425373
obj_16_friends_cup,10,mode_aware,0.1,2.470427838804502
obj_16_friends_cup,10,mode_aware,0.2,2.121086791039645
obj_16_friends_cup,10,mode_aware,0.4,0.32349059676425373
obj_16_friends_cup,10,mode_aware,0.6,0.32349059676425373
obj_16_friends_cup,10,mode_aware,0.8,0.32349059676425373
obj_16_friends_cup,10,random,0.1,1.2799478868665244
obj_16_friends_cup,10,random,0.2,1.3669504262627776
obj_16_friends_cup,10,random,0.4,1.4633350634488156
obj_16_friends_cup,10,random,0.6,1.743314515268224
obj_16_friends_cup,10,random,0.8,1.3443661117395946
obj_16_friends_cup,10,random_0,0.1,1.2849207818157637
obj_16_friends_cup,10,random_0,0.2,1.3106037201361866
obj_16_friends_cup,10,random_0,0.4,1.5324350258648953
obj_16_friends_cup,10,random_0,0.6,1.6895820779688766
obj_16_friends_cup,10,random_0,0.8,1.10967089011234
obj_16_friends_cup,10,random_1,0.1,1.1675117363932555
obj_16_friends_cup,10,random_1,0.2,1.1904167701797659
obj_16_friends_cup,10,random_1,0.4,1.3004212969861066
obj_16_friends_cup,10,random_1,0.6,2.0586728473961866
obj_16_friends_cup,10,random_1,0.8,2.1551561755862885
obj_16_friends_cup,10,random_2,0.1,1.304021941713886
obj_16_friends_cup,10,random_2,0.2,1.2401699239715829
obj_16_friends_cup,10,random_2,0.4,1.2185446427149633
obj_16_friends_cup,10,random_2,0.6,1.3965436476917794
obj_16_friends_cup,10,random_2,0.8,0.8305731081717829
obj_16_friends_cup,10,random_3,0.1,1.4696481885763033
obj_16_friends_cup,10,random_3,0.2,1.4876414297706682
obj_16_friends_cup,10,random_3,0.4,1.664993122244569
obj_16_friends_cup,10,random_3,0.6,1.9354335168154597
obj_16_friends_cup,10,random_3,0.8,1.3539673882679377
obj_16_friends_cup,10,random_4,0.1,1.173636785833413
obj_16_friends_cup,10,random_4,0.2,1.6059202872556846
obj_16_friends_cup,10,random_4,0.4,1.6002812294335438
obj_16_friends_cup,10,random_4,0.6,1.636340486468818
obj_16_friends_cup,10,random_4,0.8,1.2724629965596241
obj_16_friends_cup,100,a_opt,0.1,3.638170281865191
obj_16_friends_cup,100,a_opt,0.2,0.6818981736533744
obj_16_friends_cup,100,a_opt,0.4,0.02882505245140023
obj_16_friends_cup,100,a_opt,0.6,0.02882505245140023
obj_16_friends_cup,100,a_opt,0.8,0.02882505245140023
obj_16_friends_cup,100,d_opt,0.1,3.4884706889816166
obj_16_friends_cup,100,d_opt,0.2,0.7613951700649652
obj_16_friends_cup,100,d_opt,0.4,0.02882505245140023
obj_16_friends_cup,100,d_opt,0.6,0.02882505245140023
obj_16_friends_cup,100,d_opt,0.8,0.02882505245140023
obj_16_friends_cup,100,e_opt,0.1,3.650391163307576
obj_16_friends_cup,100,e_opt,0.2,0.681783100873638
obj_16_friends_cup,100,e_opt,0.4,0.02882505245140023
obj_16_friends_cup,100,e_opt,0.6,0.02882505245140023
obj_16_friends_cup,100,e_opt,0.8,0.02882505245140023
obj_16_friends_cup,100,mode_aware,0.1,2.9181299741497937
obj_16_friends_cup,100,mode_aware,0.2,2.6950480919474535
obj_16_friends_cup,100,mode_aware,0.4,0.02882505245140023
obj_16_friends_cup,100,mode_aware,0.6,0.02882505245140023
obj_16_friends_cup,100,mode_aware,0.8,0.02882505245140023
obj_16_friends_cup,100,random,0.1,1.4477179098875574
obj_16_friends_cup,100,random,0.2,1.5757896807941274
obj_16_friends_cup,100,random,0.4,1.8580999822187851
obj_16_friends_cup,100,random,0.6,1.6910191656459037
obj_16_friends_cup,100,random,0.8,1.0154786546749328
obj_16_friends_cup,100,random_0,0.1,1.5715563234712795
obj_16_friends_cup,100,random_0,0.2,1.6212323392040908
obj_16_friends_cup,100,random_0,0.4,1.516119592663763
obj_16_friends_cup,100,random_0,0.6,1.536458921672411
obj_16_friends_cup,100,random_0,0.8,1.7334728725345743
obj_16_friends_cup,100,random_1,0.1,1.51239837302539
obj_16_friends_cup,100,random_1,0.2,1.6446504954507404
obj_16_friends_cup,100,random_1,0.4,2.1150058620840824
obj_16_friends_cup,100,random_1,0.6,1.4869906030417648
obj_16_friends_cup,100,random_1,0.8,1.0803620791992994
obj_16_friends_cup,100,random_2,0.1,1.640990031759129
obj_16_friends_cup,100,random_2,0.2,2.0638299814619114
obj_16_friends_cup,100,random_2,0.4,2.562880831643198
obj_16_friends_cup,100,random_2,0.6,2.2206566588940424
obj_16_friends_cup,100,random_2,0.8,0.9396448448016957
obj_16_friends_cup,100,random_3,0.1,1.1889538051344246
obj_16_friends_cup,100,random_3,0.2,1.275509524775595
obj_16_friends_cup,100,random_3,0.4,1.3771238649747943
obj_16_friends_cup,100,random_3,0.6,1.7477520751285012
obj_16_friends_cup,100,random_3,0.8,0.47429708520932384
obj_16_friends_cup,100,random_4,0.1,1.3246910160475642
obj_16_friends_cup,100,random_4,0.2,1.2737260630782992
obj_16_friends_cup,100,random_4,0.4,1.7193697597280886
obj_16_friends_cup,100,random_4,0.6,1.4632375694928
obj_16_friends_cup,100,random_4,0.8,0.8496163916297705
obj_17_pumpkin5,10,a_opt,0.1,0.44938183748600585
obj_17_pumpkin5,10,a_opt,0.2,0.16187040117533488
obj_17_pumpkin5,10,a_opt,0.4,0.045719954418184966
obj_17_pumpkin5,10,a_opt,0.6,0.045719954418184966
obj_17_pumpkin5,10,a_opt,0.8,0.045719954418184966
obj_17_pumpkin5,10,d_opt,0.1,0.4835561142340706
obj_17_pumpkin5,10,d_opt,0.2,0.19011583293296386
obj_17_pumpkin5,10,d_opt,0.4,0.045719954418184966
obj_17_pumpkin5,10,d_opt,0.6,0.045719954418184966
obj_17_pumpkin5,10,d_opt,0.8,0.045719954418184966
obj_17_pumpkin5,10,e_opt,0.1,0.40553104968951886
obj_17_pumpkin5,10,e_opt,0.2,0.16172605950077823
obj_17_pumpkin5,10,e_opt,0.4,0.045719954418184966
obj_17_pumpkin5,10,e_opt,0.6,0.045719954418184966
obj_17_pumpkin5,10,e_opt,0.8,0.045719954418184966
obj_17_pumpkin5,10,mode_aware,0.1,0.4766519990168812
obj_17_pumpkin5,10,mode_aware,0.2,0.5831714787763953
obj_17_pumpkin5,10,mode_aware,0.4,0.045719954418184966
obj_17_pumpkin5,10,mode_aware,0.6,0.045719954418184966
obj_17_pumpkin5,10,mode_aware,0.8,0.045719954418184966
obj_17_pumpkin5,10,random,0.1,0.19563098477985932
obj_17_pumpkin5,10,random,0.2,0.2091360003471335
obj_17_pumpkin5,10,random,0.4,0.26595762269819057
obj_17_pumpkin5,10,random,0.6,0.2995254512630013
obj_17_pumpkin5,10,random,0.8,0.25091487009911406
obj_17_pumpkin5,10,random_0,0.1,0.19218766269830442
obj_17_pumpkin5,10,random_0,0.2,0.19860278692994862
obj_17_pumpkin5,10,random_0,0.4,0.2994184628902015
obj_17_pumpkin5,10,random_0,0.6,0.34777754469036243
obj_17_pumpkin5,10,random_0,0.8,0.21900414065090432
obj_17_pumpkin5,10,random_1,0.1,0.17895310172529663
obj_17_pumpkin5,10,random_1,0.2,0.19435937352598787
obj_17_pumpkin5,10,random_1,0.4,0.2167924492713407
obj_17_pumpkin5,10,random_1,0.6,0.203690126757284
obj_17_pumpkin5,10,random_1,0.8,0.22295837591274714
obj_17_pumpkin5,10,random_2,0.1,0.20006148290714712
obj_17_pumpkin5,10,random_2,0.2,0.22441409860227082
obj_17_pumpkin5,10,random_2,0.4,0.3109393072246335
obj_17_pumpkin5,10,random_2,0.6,0.36755935594251854
obj_17_pumpkin5,10,random_2,0.8,0.20375142505067312
obj_17_pumpkin5,10,random_3,0.1,0.20648586625101173
obj_17_pumpkin5,10,random_3,0.2,0.2288498698224534
obj_17_pumpkin5,10,random_3,0.4,0.26119658148811076
obj_17_pumpkin5,10,random_3,0.6,0.23948224275618282
obj_17_pumpkin5,10,random_3,0.8,0.26798197173502497
obj_17_pumpkin5,10,random_4,0.1,0.20046681031753666
obj_17_pumpkin5,10,random_4,0.2,0.1994538728550069
obj_17_pumpkin5,10,random_4,0.4,0.24144131261666635
obj_17_pumpkin5,10,random_4,0.6,0.3391179861686587
obj_17_pumpkin5,10,random_4,0.8,0.34087843714622085
obj_17_pumpkin5,100,a_opt,0.1,0.5702686758824602
obj_17_pumpkin5,100,a_opt,0.2,0.2181565120020653
obj_17_pumpkin5,100,a_opt,0.4,0.004643610219510777
obj_17_pumpkin5,100,a_opt,0.6,0.004643610219510777
obj_17_pumpkin5,100,a_opt,0.8,0.004643610219510777
obj_17_pumpkin5,100,d_opt,0.1,0.5747735817941905
obj_17_pumpkin5,100,d_opt,0.2,0.47358159349405327
obj_17_pumpkin5,100,d_opt,0.4,0.004643610219510777
obj_17_pumpkin5,100,d_opt,0.6,0.004643610219510777
obj_17_pumpkin5,100,d_opt,0.8,0.004643610219510777
obj_17_pumpkin5,100,e_opt,0.1,0.5485797530821537
obj_17_pumpkin5,100,e_opt,0.2,0.22491653145420545
obj_17_pumpkin5,100,e_opt,0.4,0.004643610219510777
obj_17_pumpkin5,100,e_opt,0.6,0.004643610219510777
obj_17_pumpkin5,100,e_opt,0.8,0.004643610219510777
obj_17_pumpkin5,100,mode_aware,0.1,0.603000886091333
obj_17_pumpkin5,100,mode_aware,0.2,0.6842485621130932
obj_17_pumpkin5,100,mode_aware,0.4,0.004643610219510777
obj_17_pumpkin5,100,mode_aware,0.6,0.004643610219510777
obj_17_pumpkin5,100,mode_aware,0.8,0.004643610219510777
obj_17_pumpkin5,100,random,0.1,0.19456301214755106
obj_17_pumpkin5,100,random,0.2,0.22003882512566708
obj_17_pumpkin5,100,random,0.4,0.2881202613253382
obj_17_pumpkin5,100,random,0.6,0.36286577800882996
obj_17_pumpkin5,100,random,0.8,0.34890856978182894
obj_17_pumpkin5,100,random_0,0.1,0.1944691708224401
obj_17_pumpkin5,100,random_0,0.2,0.21299972930217081
obj_17_pumpkin5,100,random_0,0.4,0.28666562371472243
obj_17_pumpkin5,100,random_0,0.6,0.3454992848411123
obj_17_pumpkin5,100,random_0,0.8,0.2950967823316114
obj_17_pumpkin5,100,random_1,0.1,0.18972450989743575
obj_17_pumpkin5,100,random_1,0.2,0.2083054077591461
obj_17_pumpkin5,100,random_1,0.4,0.23576410005460147
obj_17_pumpkin5,100,random_1,0.6,0.428925322741956
obj_17_pumpkin5,100,random_1,0.8,0.4849387620365586
obj_17_pumpkin5,100,random_2,0.1,0.18056949501694594
obj_17_pumpkin5,100,random_2,0.2,0.26621108088783696
obj_17_pumpkin5,100,random_2,0.4,0.35476823732408236
obj_17_pumpkin5,100,random_2,0.6,0.3480479155614806
obj_17_pumpkin5,100,random_2,0.8,0.4717376532890482
obj_17_pumpkin5,100,random_3,0.1,0.2272717562946026
obj_17_pumpkin5,100,random_3,0.2,0.25027078212476433
obj_17_pumpkin5,100,random_3,0.4,0.32706308218359936
obj_17_pumpkin5,100,random_3,0.6,0.4610435209895681
obj_17_pumpkin5,100,random_3,0.8,0.19489122409422385
obj_17_pumpkin5,100,random_4,0.1,0.18078012870633087
obj_17_pumpkin5,100,random_4,0.2,0.16240712555441725
obj_17_pumpkin5,100,random_4,0.4,0.23634026334968541
obj_17_pumpkin5,100,random_4,0.6,0.230812845910033
obj_17_pumpkin5,100,random_4,0.8,0.29787842715770296
obj_18_fabric_hat,10,a_opt,0.1,0.17646547513147323
obj_18_fabric_hat,10,a_opt,0.2,0.14987829315851084
obj_18_fabric_hat,10,a_opt,0.4,0.02291157595438088
obj_18_fabric_hat,10,a_opt,0.6,0.02291157595438088
obj_18_fabric_hat,10,a_opt,0.8,0.02291157595438088
obj_18_fabric_hat,10,d_opt,0.1,0.1759375962113461
obj_18_fabric_hat,10,d_opt,0.2,0.1355643873448311
obj_18_fabric_hat,10,d_opt,0.4,0.02291157595438088
obj_18_fabric_hat,10,d_opt,0.6,0.02291157595438088
obj_18_fabric_hat,10,d_opt,0.8,0.02291157595438088
obj_18_fabric_hat,10,e_opt,0.1,0.17646547513147323
obj_18_fabric_hat,10,e_opt,0.2,0.1499477231412644
obj_18_fabric_hat,10,e_opt,0.4,0.02291157595438088
obj_18_fabric_hat,10,e_opt,0.6,0.02291157595438088
obj_18_fabric_hat,10,e_opt,0.8,0.02291157595438088
obj_18_fabric_hat,10,mode_aware,0.1,0.17834375333788435
obj_18_fabric_hat,10,mode_aware,0.2,0.13855153020961156
obj_18_fabric_hat,10,mode_aware,0.4,0.02291157595438088
obj_18_fabric_hat,10,mode_aware,0.6,0.02291157595438088
obj_18_fabric_hat,10,mode_aware,0.8,0.02291157595438088
obj_18_fabric_hat,10,random,0.1,0.08559244245366587
obj_18_fabric_hat,10,random,0.2,0.09633151697302869
obj_18_fabric_hat,10,random,0.4,0.11158497632535716
obj_18_fabric_hat,10,random,0.6,0.1279102081816881
obj_18_fabric_hat,10,random,0.8,0.10919161200984276
obj_18_fabric_hat,10,random_0,0.1,0.0825124610210555
obj_18_fabric_hat,10,random_0,0.2,0.08604056212061935
obj_18_fabric_hat,10,random_0,0.4,0.12060549988637927
obj_18_fabric_hat,10,random_0,0.6,0.14725930734851922
obj_18_fabric_hat,10,random_0,0.8,0.1225012622792715
obj_18_fabric_hat,10,random_1,0.1,0.08012887309012807
obj_18_fabric_hat,10,random_1,0.2,0.09050865490129355
obj_18_fabric_hat,10,random_1,0.4,0.09385799017090692
obj_18_fabric_hat,10,random_1,0.6,0.09362296466048008
obj_18_fabric_hat,10,random_1,0.8,0.057175055307345096
obj_18_fabric_hat,10,random_2,0.1,0.0710002208334058
obj_18_fabric_hat,10,random_2,0.2,0.06859252654370779
obj_18_fabric_hat,10,random_2,0.4,0.08958097649140769
obj_18_fabric_hat,10,random_2,0.6,0.15311998150952766
obj_18_fabric_hat,10,random_2,0.8,0.08418846503097882
obj_18_fabric_hat,10,random_3,0.1,0.08079741861111855
obj_18_fabric_hat,10,random_3,0.2,0.09607113504693182
obj_18_fabric_hat,10,random_3,0.4,0.09553591777989073
obj_18_fabric_hat,10,random_3,0.6,0.11151631674729241
obj_18_fabric_hat,10,random_3,0.8,0.12029936615104407
obj_18_fabric_hat,10,random_4,0.1,0.11352323871262143
obj_18_fabric_hat,10,random_4,0.2,0.14044470625259095
obj_18_fabric_hat,10,random_4,0.4,0.15834449729820113
obj_18_fabric_hat,10,random_4,0.6,0.13403247064262117
obj_18_fabric_hat,10,random_4,0.8,0.16179391128057435
obj_18_fabric_hat,100,a_opt,0.1,0.22320170662363203
obj_18_fabric_hat,100,a_opt,0.2,0.1778726935719023
obj_18_fabric_hat,100,a_opt,0.4,0.002629477928579443
obj_18_fabric_hat,100,a_opt,0.6,0.002629477928579443
obj_18_fabric_hat,100,a_opt,0.8,0.002629477928579443
obj_18_fabric_hat,100,d_opt,0.1,0.20202696237483972
obj_18_fabric_hat,100,d_opt,0.2,0.20338966870038813
obj_18_fabric_hat,100,d_opt,0.4,0.002629477928579443
obj_18_fabric_hat,100,d_opt,0.6,0.002629477928579443
obj_18_fabric_hat,100,d_opt,0.8,0.002629477928579443
obj_18_fabric_hat,100,e_opt,0.1,0.2233847144472961
obj_18_fabric_hat,100,e_opt,0.2,0.18080522323962797
obj_18_fabric_hat,100,e_opt,0.4,0.002629477928579443
obj_18_fabric_hat,100,e_opt,0.6,0.002629477928579443
obj_18_fabric_hat,100,e_opt,0.8,0.002629477928579443
obj_18_fabric_hat,100,mode_aware,0.1,0.2124286401574379
obj_18_fabric_hat,100,mode_aware,0.2,0.17461564716384714
obj_18_fabric_hat,100,mode_aware,0.4,0.002629477928579443
obj_18_fabric_hat,100,mode_aware,0.6,0.002629477928579443
obj_18_fabric_hat,100,mode_aware,0.8,0.002629477928579443
obj_18_fabric_hat,100,random,0.1,0.09541658340571639
obj_18_fabric_hat,100,random,0.2,0.10057456202829347
obj_18_fabric_hat,100,random,0.4,0.1366516018886755
obj_18_fabric_hat,100,random,0.6,0.1466524151911799
obj_18_fabric_hat,100,random,0.8,0.12174976218691955
obj_18_fabric_hat,100,random_0,0.1,0.08846812209724812
obj_18_fabric_hat,100,random_0,0.2,0.08970862733062639
obj_18_fabric_hat,100,random_0,0.4,0.1504957509339803
obj_18_fabric_hat,100,random_0,0.6,0.17464642607635195
obj_18_fabric_hat,100,random_0,0.8,0.12483246617775784
obj_18_fabric_hat,100,random_1,0.1,0.08577639836114714
obj_18_fabric_hat,100,random_1,0.2,0.08494093100624049
obj_18_fabric_hat,100,random_1,0.4,0.09982066391368065
obj_18_fabric_hat,100,random_1,0.6,0.13582211057376234
obj_18_fabric_hat,100,random_1,0.8,0.1330345767164314
obj_18_fabric_hat,100,random_2,0.1,0.08430513409330694
obj_18_fabric_hat,100,random_2,0.2,0.08358421059988051
obj_18_fabric_hat,100,random_2,0.4,0.08348798009009643
obj_18_fabric_hat,100,random_2,0.6,0.07946651778426526
obj_18_fabric_hat,100,random_2,0.8,0.10888277688959043
obj_18_fabric_hat,100,random_3,0.1,0.08870738089306181
obj_18_fabric_hat,100,random_3,0.2,0.10778281928397726
obj_18_fabric_hat,100,random_3,0.4,0.19628793899353883
obj_18_fabric_hat,100,random_3,0.6,0.18818249109241036
obj_18_fabric_hat,100,random_3,0.8,0.12989230659031922
obj_18_fabric_hat,100,random_4,0.1,0.129825881583818
obj_18_fabric_hat,100,random_4,0.2,0.13685622192074273
obj_18_fabric_hat,100,random_4,0.4,0.15316567551208143
obj_18_fabric_hat,100,random_4,0.6,0.15514453042910956
obj_18_fabric_hat,100,random_4,0.8,0.11210668456049887
obj_19_cylinder,10,a_opt,0.1,0.17191241261334575
obj_19_cylinder,10,a_opt,0.2,0.0742019720499703
obj_19_cylinder,10,a_opt,0.4,0.03137732977484369
obj_19_cylinder,10,a_opt,0.6,0.03137732977484369
obj_19_cylinder,10,a_opt,0.8,0.03137732977484369
obj_19_cylinder,10,d_opt,0.1,0.14204183463448958
obj_19_cylinder,10,d_opt,0.2,0.11938733355603576
obj_19_cylinder,10,d_opt,0.4,0.03137732977484369
obj_19_cylinder,10,d_opt,0.6,0.03137732977484369
obj_19_cylinder,10,d_opt,0.8,0.03137732977484369
obj_19_cylinder,10,e_opt,0.1,0.14957630896131568
obj_19_cylinder,10,e_opt,0.2,0.07444525117080937
obj_19_cylinder,10,e_opt,0.4,0.03137732977484369
obj_19_cylinder,10,e_opt,0.6,0.03137732977484369
obj_19_cylinder,10,e_opt,0.8,0.03137732977484369
obj_19_cylinder,10,mode_aware,0.1,0.16675654511876403
obj_19_cylinder,10,mode_aware,0.2,0.19388484348946047
obj_19_cylinder,10,mode_aware,0.4,0.03137732977484369
obj_19_cylinder,10,mode_aware,0.6,0.03137732977484369
obj_19_cylinder,10,mode_aware,0.8,0.03137732977484369
obj_19_cylinder,10,random,0.1,0.13204413402549575
obj_19_cylinder,10,random,0.2,0.14017304516621346
obj_19_cylinder,10,random,0.4,0.15242780516215773
obj_19_cylinder,10,random,0.6,0.17219589582001185
obj_19_cylinder,10,random,0.8,0.1448613373092979
obj_19_cylinder,10,random_0,0.1,0.11519252447879869
obj_19_cylinder,10,random_0,0.2,0.11545254722532979
obj_19_cylinder,10,random_0,0.4,0.15384614228591842
obj_19_cylinder,10,random_0,0.6,0.2159102678539874
obj_19_cylinder,10,random_0,0.8,0.1853996534295919
obj_19_cylinder,10,random_1,0.1,0.13818451857110997
obj_19_cylinder,10,random_1,0.2,0.14047911807138455
obj_19_cylinder,10,random_1,0.4,0.1891196626977505
obj_19_cylinder,10,random_1,0.6,0.12513375799542284
obj_19_cylinder,10,random_1,0.8,0.09239714919142063
obj_19_cylinder,10,random_2,0.1,0.11880288924801714
obj_19_cylinder,10,random_2,0.2,0.12028257855455353
obj_19_cylinder,10,random_2,0.4,0.12355767447555643
obj_19_cylinder,10,random_2,0.6,0.2005988997021921
obj_19_cylinder,10,random_2,0.8,0.13403130560371015
obj_19_cylinder,10,random_3,0.1,0.13877775102125411
obj_19_cylinder,10,random_3,0.2,0.16080582497557674
obj_19_cylinder,10,random_3,0.4,0.15433964600274422
obj_19_cylinder,10,random_3,0.6,0.16914811868526858
obj_19_cylinder,10,random_3,0.8,0.17139907415816902
obj_19_cylinder,10,random_4,0.1,0.14926298680829886
obj_19_cylinder,10,random_4,0.2,0.16384515700422264
obj_19_cylinder,10,random_4,0.4,0.14127590034881912
obj_19_cylinder,10,random_4,0.6,0.1501884348631883
obj_19_cylinder,10,random_4,0.8,0.14107950416359774
obj_19_cylinder,100,a_opt,0.1,0.1780861564371012
obj_19_cylinder,100,a_opt,0.2,0.18261436453168814
obj_19_cylinder,100,a_opt,0.4,0.003002382102185739
obj_19_cylinder,100,a_opt,0.6,0.003002382102185739
obj_19_cylinder,100,a_opt,0.8,0.003002382102185739
obj_19_cylinder,100,d_opt,0.1,0.14137246011761337
obj_19_cylinder,100,d_opt,0.2,0.15210243143914773
obj_19_cylinder,100,d_opt,0.4,0.003002382102185739
obj_19_cylinder,100,d_opt,0.6,0.003002382102185739
obj_19_cylinder,100,d_opt,0.8,0.003002382102185739
obj_19_cylinder,100,e_opt,0.1,0.2130006080610235
obj_19_cylinder,100,e_opt,0.2,0.11230773561434
obj_19_cylinder,100,e_opt,0.4,0.003002382102185739
obj_19_cylinder,100,e_opt,0.6,0.003002382102185739
obj_19_cylinder,100,e_opt,0.8,0.003002382102185739
obj_19_cylinder,100,mode_aware,0.1,0.2122985227464318
obj_19_cylinder,100,mode_aware,0.2,0.22321891402042304
obj_19_cylinder,100,mode_aware,0.4,0.003002382102185739
obj_19_cylinder,100,mode_aware,0.6,0.003002382102185739
obj_19_cylinder,100,mode_aware,0.8,0.003002382102185739
obj_19_cylinder,100,random,0.1,0.13868216760859736
obj_19_cylinder,100,random,0.2,0.15694331155429023
obj_19_cylinder,100,random,0.4,0.18243248302363196
obj_19_cylinder,100,random,0.6,0.1706264870108779
obj_19_cylinder,100,random,0.8,0.1286944242616801
obj_19_cylinder,100,random_0,0.1,0.14310622131744666
obj_19_cylinder,100,random_0,0.2,0.1250398624742366
obj_19_cylinder,100,random_0,0.4,0.1755647970247214
obj_19_cylinder,100,random_0,0.6,0.1672618536731518
obj_19_cylinder,100,random_0,0.8,0.22653042693320521
obj_19_cylinder,100,random_1,0.1,0.12553906723210564
obj_19_cylinder,100,random_1,0.2,0.13539873113560766
obj_19_cylinder,100,random_1,0.4,0.15700765934815528
obj_19_cylinder,100,random_1,0.6,0.17688271434206368
obj_19_cylinder,100,random_1,0.8,0.10831937874846413
obj_19_cylinder,100,random_2,0.1,0.11432879564966236
obj_19_cylinder,100,random_2,0.2,0.14184519894284556
obj_19_cylinder,100,random_2,0.4,0.13962543433399732
obj_19_cylinder,100,random_2,0.6,0.1477203719236632
obj_19_cylinder,100,random_2,0.8,0.12532995495958352
obj_19_cylinder,100,random_3,0.1,0.1927333943646747
obj_19_cylinder,100,random_3,0.2,0.1956906408567096
obj_19_cylinder,100,random_3,0.4,0.22286943477575083
obj_19_cylinder,100,random_3,0.6,0.15640576657173832
obj_19_cylinder,100,random_3,0.8,0.09576348252406856
obj_19_cylinder,100,random_4,0.1,0.11770335947909734
obj_19_cylinder,100,random_4,0.2,0.18674212436205176
obj_19_cylinder,100,random_4,0.4,0.21709508963553495
obj_19_cylinder,100,random_4,0.6,0.2048617285437725
obj_19_cylinder,100,random_4,0.8,0.08752887814307912
