object_id,level,ctype,q,T_ol,P_mode,P_trace,P_logdet,P_emin,P_corr
obj_03_pumpkin,0.1,joint,1200,231.64102070316264,0.9843064410913859,0.0020055293220544446,0.0049472255744837275,0.9843064410913855,0.1
obj_03_pumpkin,0.2,joint,1200,839.4739954211793,0.9957161261672575,0.002143954754045163,0.006214747973937242,0.9957161261672575,0.2
obj_03_pumpkin,0.35,joint,1200,3605.8091572459507,0.9985297384101598,0.0023390146609858498,0.0074098063769443825,0.9985297384101597,0.35
obj_03_pumpkin,0.5,joint,1200,5798.003176551466,0.9992631219746162,0.002537621939011414,0.008327528603878833,0.9992631219746165,0.5
obj_03_pumpkin,0.75,joint,1200,21714.173865179844,0.99966671982139,0.002825239752029307,0.00954238126402937,0.9996667198213897,0.75
obj_03_pumpkin,1.0,joint,1200,6970.590846174679,0.9998110373392822,0.003037683409438219,0.010476507077233889,0.9998110373392828,1.0
obj_04_dolphin,0.1,joint,1200,405.6186938853601,0.8890383921503588,0.0015728944253451393,0.0027928971766809784,0.8890383921503581,0.1
obj_04_dolphin,0.2,joint,1200,1445.5101914967772,0.9646689218025064,0.001887967481605024,0.004080776494597612,0.9646689218025076,0.2
obj_04_dolphin,0.35,joint,1200,2492.752307908425,0.9869448016876093,0.0020465897463362026,0.005105197874021978,0.9869448016876086,0.35
obj_04_dolphin,0.5,joint,1200,9030.517503735979,0.9932641328143399,0.0021257835762927835,0.005762345248737391,0.9932641328143399,0.5
obj_04_dolphin,0.75,joint,1200,16266.811936910806,0.9968887074025816,0.0022242677942070355,0.006546226689084453,0.9968887074025816,0.75
obj_04_dolphin,1.0,joint,1200,20500.27721063111,0.9982183301016233,0.0023190039064449053,0.00715328149564125,0.9982183301016244,1.0
obj_07_pumpkin2,0.1,joint,1200,352.17232882724136,0.8702815303454989,0.0017528318058740444,0.0029224605956285057,0.8702815303454993,0.1
obj_07_pumpkin2,0.2,joint,1200,868.6018761553652,0.957573995133543,0.0021040688728642953,0.00426525533538426,0.9575739951335429,0.2
obj_07_pumpkin2,0.35,joint,1200,3844.747512957999,0.9840986521740822,0.0022663204351878186,0.005300419032959204,0.984098652174081,0.35
obj_07_pumpkin2,0.5,joint,1200,2888.16412155752,0.9917241751765543,0.002347554174235711,0.005960237765517696,0.9917241751765534,0.5
obj_07_pumpkin2,0.75,joint,1200,5426.034927340698,0.9961373049764931,0.0024517735880700275,0.006750750644051468,0.996137304976493,0.75
obj_07_pumpkin2,1.0,joint,1200,13224.15613857302,0.9977707214401642,0.002553678906418777,0.007368507559552554,0.997770721440165,1.0
obj_09_ball,0.1,joint,1200,360.7579104743781,0.9760090386457534,0.0021165550842628944,0.004739853680272538,0.9760090386457533,0.1
obj_09_ball,0.2,joint,1200,2829.0195952884787,0.9934369607222862,0.002254684461754919,0.006009087053843545,0.9934369607222848,0.2
obj_09_ball,0.35,joint,1200,8567.021927590169,0.9977776876429684,0.0024049001780357404,0.007145966438404531,0.9977776876429685,0.35
obj_09_ball,0.5,joint,1200,4875.179201134432,0.9988950670088443,0.0025655632923079486,0.008000421980224572,0.9988950670088436,0.5
obj_09_ball,0.75,joint,1200,21036.236827395864,0.9995029698687882,0.002826626516295505,0.009151147793568005,0.9995029698687873,0.75
obj_09_ball,1.0,joint,1200,21946.6667067271,0.9997185462650707,0.00304553913988459,0.010076671623361875,0.99971854626507,1.0
obj_10_pumpkin3,0.1,joint,1200,453.01790777521995,0.9551527095853813,0.002211105394771984,0.004369644615527,0.9551527095853808,0.1
obj_10_pumpkin3,0.2,joint,1200,1386.0584871780682,0.9869432589358995,0.0023951327196137795,0.005637997129084033,0.9869432589358998,0.2
obj_10_pumpkin3,0.35,joint,1200,4726.281613470034,0.9954240308908288,0.002529417065549877,0.006708476175918777,0.995424030890829,0.35
obj_10_pumpkin3,0.5,joint,1200,4623.966511757097,0.9976983648368123,0.002655180174548022,0.007481216545202459,0.9976983648368115,0.5
obj_10_pumpkin3,0.75,joint,1200,18336.162278107524,0.9989595678936479,0.0028734613929469743,0.00851596973036024,0.9989595678936483,0.75
obj_10_pumpkin3,1.0,joint,1200,17962.693181200873,0.9994108417057989,0.0030812982545346257,0.009374221833086926,0.9994108417057986,1.0
obj_11_pine,0.1,joint,1200,174.74981784567413,0.7438274695442622,0.0013813391371174655,0.0019860049303263723,0.7438274695442624,0.1
obj_11_pine,0.2,joint,1200,511.64806921646397,0.9022343801589536,0.002008371913188256,0.003487005513704827,0.9022343801589529,0.2
obj_11_pine,0.35,joint,1200,1545.5262198720675,0.9592018588361794,0.0023355609444085657,0.004709278981084033,0.9592018588361793,0.35
obj_11_pine,0.5,joint,1200,2180.9541261971262,0.9777301253367535,0.0024610858595087715,0.0054371260591762754,0.9777301253367541,0.5
obj_11_pine,0.75,joint,1200,2297.484840476904,0.98930496476135,0.0025576383636954914,0.0062297267047950146,0.9893049647613499,0.75
obj_11_pine,1.0,joint,1200,3409.3099809285873,0.9937866760292403,0.0026168913001399785,0.0067916111813229344,0.9937866760292412,1.0
obj_13_mushroom,0.1,joint,1200,442.9203970169883,0.960692797710696,0.0018494055425336553,0.003940682602429832,0.9606927977106957,0.1
obj_13_mushroom,0.2,joint,1200,963.439260250477,0.988687508592085,0.0020390761078962205,0.0052101372762235094,0.988687508592085,0.2
obj_13_mushroom,0.35,joint,1200,5827.401956900171,0.9960516551737196,0.002169804016857624,0.006265044134332615,0.9960516551737195,0.35
obj_13_mushroom,0.5,joint,1200,9994.78312685975,0.9980135181792499,0.002284684151950378,0.007005314158780419,0.9980135181792508,0.5
obj_13_mushroom,0.75,joint,1200,12975.02537983618,0.9991004204595839,0.0024830552179605503,0.007977435954742575,0.9991004204595848,0.75
obj_13_mushroom,1.0,joint,1200,12351.133112475101,0.999489923750399,0.002676684588533762,0.00878275614285665,0.999489923750398,1.0
obj_16_friends_cup,0.1,joint,1200,379.0481471196546,0.9811336760401324,0.0021175661289514203,0.0049436817165141615,0.9811336760401318,0.1
obj_16_friends_cup,0.2,joint,1200,677.5603172356376,0.9948582835556026,0.0022638798424980955,0.006226452333273275,0.9948582835556028,0.2
obj_16_friends_cup,0.35,joint,1200,4184.310455234765,0.9982694863847553,0.0024430076308321613,0.007407939279741767,0.9982694863847554,0.35
obj_16_friends_cup,0.5,joint,1200,15198.964813077104,0.9991443260102395,0.0026333589770520804,0.00831114350995594,0.99914432601024,0.5
obj_16_friends_cup,0.75,joint,1200,20470.402438395035,0.9996176848213499,0.002929221190208109,0.009526118569548474,0.9996176848213489,0.75
obj_16_friends_cup,1.0,joint,1200,9776.187217912484,0.999784518280139,0.003163800477318124,0.010487930338716428,0.999784518280138,1.0
obj_17_pumpkin5,0.1,joint,1200,263.03520017210997,0.9572792248162145,0.0018597682787484526,0.0039002791218187725,0.9572792248162143,0.1
obj_17_pumpkin5,0.2,joint,1200,1485.8794881766307,0.98738867135127,0.0020552185803778267,0.0051509035334333245,0.9873886713512682,0.2
obj_17_pumpkin5,0.35,joint,1200,2961.964937328236,0.9955279382780536,0.002190055961102999,0.006195305739862022,0.9955279382780539,0.35
obj_17_pumpkin5,0.5,joint,1200,8592.390536845409,0.9977268889198061,0.002304140505886343,0.006925741155869644,0.9977268889198065,0.5
obj_17_pumpkin5,0.75,joint,1200,9990.891334780932,0.9989588837395499,0.002495004373736287,0.007878462817993662,0.9989588837395502,0.75
obj_17_pumpkin5,1.0,joint,1200,11518.84195004957,0.9994055585978648,0.002678073652713664,0.008662301342464632,0.9994055585978648,1.0
obj_18_fabric_hat,0.1,joint,1200,368.0868961115646,0.8284970531553546,0.0014335017730354727,0.0023472423742775246,0.8284970531553547,0.1
obj_18_fabric_hat,0.2,joint,1200,884.111439138705,0.941969492954279,0.001764069807622004,0.003582713427110462,0.9419694929542793,0.2
obj_18_fabric_hat,0.35,joint,1200,3377.0408129141742,0.9779339985816294,0.0019326906712133773,0.004586135787748087,0.9779339985816293,0.35
obj_18_fabric_hat,0.5,joint,1200,4207.67211539124,0.9884250587244559,0.0020240070056093407,0.005238496205348062,0.9884250587244551,0.5
obj_18_fabric_hat,0.75,joint,1200,5763.839584240208,0.9945370740509712,0.00214084048285601,0.006019909367300422,0.9945370740509724,0.75
obj_18_fabric_hat,1.0,joint,1200,4849.055358913978,0.9968163962833694,0.002246598352916962,0.0066212347054455225,0.9968163962833689,1.0
obj_19_cylinder,0.1,joint,1200,254.51687278985696,0.7592684320546628,0.0013659684398635852,0.002086262792177464,0.7592684320546628,0.1
obj_19_cylinder,0.2,joint,1200,2212.3537741389678,0.920937559748713,0.0017377168596306447,0.00340970313269948,0.9209375597487126,0.2
obj_19_cylinder,0.35,joint,1200,1840.1461658946407,0.9712941258716796,0.0018851010444764782,0.004440655962184219,0.9712941258716792,0.35
obj_19_cylinder,0.5,joint,1200,5584.2825895279575,0.9853166265589158,0.0019436842763165263,0.005079960331909558,0.9853166265589156,0.5
obj_19_cylinder,0.75,joint,1200,4397.625882927453,0.993229349731547,0.0020025475294960238,0.005813465598114731,0.9932293497315471,0.75
obj_19_cylinder,1.0,joint,1200,6403.860140154797,0.9961109780848033,0.0020525067513667006,0.0063572038087005515,0.9961109780848026,1.0
