object_id,level,ctype,mode_id,pred_deg,emp_deg,rho,seed_count
obj_03_pumpkin,0.1,joint,0,63.72040948921454,231.64102070316264,0.01569355890861408,20
obj_03_pumpkin,0.1,joint,1,2.0301224324445917,122.49534372636711,0.49258112910748947,20
obj_03_pumpkin,0.1,joint,2,1.7418641203713223,169.25877223748122,0.5740975936669646,20
obj_03_pumpkin,0.1,joint,3,1.218400923005734,28.77830419421288,0.8207479008904968,20
obj_03_pumpkin,0.1,joint,4,1.1359655026064046,15.444537497235906,0.8803084228399191,20
obj_03_pumpkin,0.2,joint,0,233.43357882223438,495.7842055613491,0.004283873832742484,20
obj_03_pumpkin,0.2,joint,1,2.177046935119885,749.542951065877,0.45933782311630883,20
obj_03_pumpkin,0.2,joint,2,1.8331378958224351,839.4739954211793,0.5455126983512341,20
obj_03_pumpkin,0.2,joint,3,1.242058978478015,181.7633507378221,0.8051147468257688,20
obj_03_pumpkin,0.2,joint,4,1.1611511778645076,75.7961923185305,0.8612143010000787,20
obj_03_pumpkin,0.35,joint,0,680.1510744143584,3422.9537240642385,0.001470261589840237,20
obj_03_pumpkin,0.35,joint,1,2.479562498810087,3605.8091572459507,0.40329695278093947,20
obj_03_pumpkin,0.35,joint,2,2.0072501468959354,341.2925837986958,0.4981940101219703,20
obj_03_pumpkin,0.35,joint,3,1.2865352081820998,645.4479019088292,0.7772814872381303,20
obj_03_pumpkin,0.35,joint,4,1.1932510736611612,411.0575169313681,0.8380465956186206,20
obj_03_pumpkin,0.5,joint,0,1357.0767013702393,5798.003176551466,0.0007368780253837537,20
obj_03_pumpkin,0.5,joint,1,2.878696656639179,3158.5985926464905,0.3473794287055865,20
obj_03_pumpkin,0.5,joint,2,2.245490184652507,1798.9523777118434,0.44533706129503814,20
obj_03_pumpkin,0.5,joint,3,1.3400561298780784,774.0050760464896,0.7462373983476218,20
obj_03_pumpkin,0.5,joint,4,1.2261797268590766,199.85519946397412,0.8155411299790057,20
obj_03_pumpkin,0.75,joint,0,3000.478468808851,21714.173865179844,0.0003332801786099756,20
obj_03_pumpkin,0.75,joint,1,3.6458534901106048,4876.397072839278,0.27428419784626695,20
obj_03_pumpkin,0.75,joint,2,2.740486323015425,4911.0593409912935,0.3648987377173535,20
obj_03_pumpkin,0.75,joint,3,1.4294647199379509,1161.9872421490945,0.6995625607628898,20
obj_03_pumpkin,0.75,joint,4,1.2795095781937993,783.4522780974555,0.7815494444454532,20
obj_03_pumpkin,1.0,joint,0,5292.050800945188,6970.590846174679,0.0001889626607177306,20
obj_03_pumpkin,1.0,joint,1,4.4122758050509825,5849.375530418095,0.22664041056890488,20
obj_03_pumpkin,1.0,joint,2,3.2842385186631833,2599.031589863407,0.3044845842704019,20
obj_03_pumpkin,1.0,joint,3,1.504280681398338,1013.5761096689025,0.6647695555529088,20
obj_03_pumpkin,1.0,joint,4,1.3244338855251516,1054.3592172019735,0.755039576477983,20
obj_04_dolphin,0.1,joint,0,9.012126080175886,405.6186938853601,0.11096160784964111,20
obj_04_dolphin,0.1,joint,1,1.6009475975902714,99.7155896380217,0.6246300637854661,20
obj_04_dolphin,0.1,joint,2,1.3660028024824082,42.76028056531182,0.7320629197705312,20
obj_04_dolphin,0.1,joint,3,1.1302994745695223,16.698951359930756,0.884721281836261,20
obj_04_dolphin,0.1,joint,4,1.1111368262479073,14.920148081979328,0.8999791712212485,20
obj_04_dolphin,0.2,joint,0,28.303693264332335,1445.5101914967772,0.03533107819749365,20
obj_04_dolphin,0.2,joint,1,1.7922792367692668,208.56779180820737,0.5579487724259885,20
obj_04_dolphin,0.2,joint,2,1.538939845851558,246.8075099387307,0.6497979779363366,20
obj_04_dolphin,0.2,joint,3,1.196547797533147,77.062741783102,0.8357376128740045,20
obj_04_dolphin,0.2,joint,4,1.15244155199861,25.40776369881295,0.8677229645753055,20
obj_04_dolphin,0.35,joint,0,76.5978406510225,2492.752307908425,0.013055198312390692,20
obj_04_dolphin,0.35,joint,1,1.8957223305657915,847.9429631566735,0.5275034132775885,20
obj_04_dolphin,0.35,joint,2,1.6641031234854462,519.6581645832367,0.6009242972307574,20
obj_04_dolphin,0.35,joint,3,1.2334491549690236,269.00205122762435,0.8107346751760623,20
obj_04_dolphin,0.35,joint,4,1.1769883590075447,160.97775978019703,0.8496260751832889,20
obj_04_dolphin,0.5,joint,0,148.45898418675662,9030.517503735979,0.006735867185660062,20
obj_04_dolphin,0.5,joint,1,1.9567204251606294,1062.478143339904,0.5110592127221797,20
obj_04_dolphin,0.5,joint,2,1.7322159206339436,997.4347259705941,0.577295236747407,20
obj_04_dolphin,0.5,joint,3,1.2536621174486295,712.1489669058196,0.7976630912602943,20
obj_04_dolphin,0.5,joint,4,1.1911027028700398,604.60090544407,0.8395581653793872,20
obj_04_dolphin,0.75,joint,0,321.4098220237325,16266.811936910806,0.0031112925974183868,20
obj_04_dolphin,0.75,joint,1,2.0521957877276455,1759.9834589241757,0.48728294151079976,20
obj_04_dolphin,0.75,joint,2,1.8149886038028942,1649.9665797665814,0.5509676467966401,20
obj_04_dolphin,0.75,joint,3,1.2819558336453927,328.8265226993334,0.7800580751338226,20
obj_04_dolphin,0.75,joint,4,1.211213881308771,697.8630612761071,0.825618014647797,20
obj_04_dolphin,1.0,joint,0,561.2711989527876,20500.27721063111,0.0017816698983767326,20
obj_04_dolphin,1.0,joint,1,2.1654512284936027,1252.8226380779715,0.46179751676774106,20
obj_04_dolphin,1.0,joint,2,1.8945997495957387,484.8409842340459,0.5278159675748799,20
obj_04_dolphin,1.0,joint,3,1.3119542306660112,698.4010556053198,0.7622217121799681,20
obj_04_dolphin,1.0,joint,4,1.2326039910550348,399.22636147350505,0.8112905744723901,20
obj_07_pumpkin2,0.1,joint,0,7.709002447095254,352.17232882724136,0.12971846965450104,20
obj_07_pumpkin2,0.1,joint,1,1.72847743604801,97.9451178569733,0.5785438555023313,20
obj_07_pumpkin2,0.1,joint,2,1.5249206663795174,29.776227999248327,0.6557718195099359,20
obj_07_pumpkin2,0.1,joint,3,1.1855680178345824,13.789569537850106,0.8434775440606783,20
obj_07_pumpkin2,0.1,joint,4,1.1392786197907891,17.965974997918515,0.8777484125732427,20
obj_07_pumpkin2,0.2,joint,0,23.570449377632162,868.6018761553652,0.04242600486645698,20
obj_07_pumpkin2,0.2,joint,1,2.042282186655785,161.15268639250897,0.48964829960030604,20
obj_07_pumpkin2,0.2,joint,2,1.7892800023064694,184.70438553574,0.5588840196676602,20
obj_07_pumpkin2,0.2,joint,3,1.2475841644818004,72.38647407216887,0.8015491286837249,20
obj_07_pumpkin2,0.2,joint,4,1.1898564798297142,57.77285181887616,0.840437495573512,20
obj_07_pumpkin2,0.35,joint,0,62.88775083393169,3844.747512957999,0.0159013478259178,20
obj_07_pumpkin2,0.35,joint,1,2.2391543368008815,650.0285135950985,0.44659717446217545,20
obj_07_pumpkin2,0.35,joint,2,1.9171991835639102,635.635502409676,0.5215942133571563,20
obj_07_pumpkin2,0.35,joint,3,1.2836266535165641,275.1458873006794,0.7790427202960037,20
obj_07_pumpkin2,0.35,joint,4,1.2155672323161755,281.9035139570628,0.8226612016305938,20
obj_07_pumpkin2,0.5,joint,0,120.8338771462355,2888.16412155752,0.008275824823445669,20
obj_07_pumpkin2,0.5,joint,1,2.3389063925919142,718.7951357498027,0.4275502444934645,20
obj_07_pumpkin2,0.5,joint,2,1.982242765553923,1531.3782456935571,0.504479076618326,20
obj_07_pumpkin2,0.5,joint,3,1.3081348609615622,113.05049986077933,0.7644471757789074,20
obj_07_pumpkin2,0.5,joint,4,1.2300333744275664,377.2446336132946,0.812986070776641,20
obj_07_pumpkin2,0.75,joint,0,258.8866047964933,5426.034927340698,0.0038626950235068525,20
obj_07_pumpkin2,0.75,joint,1,2.457849474291784,635.0302142429853,0.406859740785446,20
obj_07_pumpkin2,0.75,joint,2,2.0758562298036884,1134.2534837238156,0.4817289297990396,20
obj_07_pumpkin2,0.75,joint,3,1.3505685423922664,1451.9493591423022,0.7404289146470839,20
obj_07_pumpkin2,0.75,joint,4,1.2505278933451212,281.5676297746138,0.7996622908786407,20
obj_07_pumpkin2,1.0,joint,0,448.57561455831467,13224.15613857302,0.0022292785598357584,20
obj_07_pumpkin2,1.0,joint,1,2.5754212234957112,605.4508667139419,0.3882859979862495,20
obj_07_pumpkin2,1.0,joint,2,2.1813935217017875,469.8455784444303,0.45842255881454264,20
obj_07_pumpkin2,1.0,joint,3,1.401413460855245,585.3732242214361,0.7135652881411078,20
obj_07_pumpkin2,1.0,joint,4,1.2716838482171557,120.2224013267674,0.7863589691745756,20
obj_09_ball,0.1,joint,0,41.68236467201814,213.506277761468,0.023990961354246578,20
obj_09_ball,0.1,joint,1,2.070242231774532,360.7579104743781,0.48303526256579093,20
obj_09_ball,0.1,joint,2,1.7639004885092466,268.8853198980978,0.5669254056645485,20
obj_09_ball,0.1,joint,3,1.278786488102555,64.04603718395008,0.7819913717447747,20
obj_09_ball,0.1,joint,4,1.1835713349615202,151.35264023117006,0.844900489274279,20
obj_09_ball,0.2,joint,0,152.36843140581405,2829.0195952884787,0.00656303927771381,20
obj_09_ball,0.2,joint,1,2.2297244493444848,414.62701781653993,0.44848591057697257,20
obj_09_ball,0.2,joint,2,1.8702693467526863,296.88230879391614,0.5346823449447435,20
obj_09_ball,0.2,joint,3,1.320900789837299,169.98396111427908,0.7570591279025386,20
obj_09_ball,0.2,joint,4,1.203165884379393,142.69967635654118,0.8311405874974684,20
obj_09_ball,0.35,joint,0,449.98174844139453,8567.021927590169,0.002222312357031609,20
obj_09_ball,0.35,joint,1,2.4443356303582093,3303.4451891578638,0.40910912052345827,20
obj_09_ball,0.35,joint,2,2.0194256356443825,1369.028878355034,0.49519030676309506,20
obj_09_ball,0.35,joint,3,1.3628438788977701,553.8560015532587,0.733759761836236,20
obj_09_ball,0.35,joint,4,1.2295494091883703,400.3878290832627,0.8133060717422518,20
obj_09_ball,0.5,joint,0,905.0322580684752,4875.179201134432,0.0011049329911557025,20
obj_09_ball,0.5,joint,1,2.724257635546548,3174.9597761264886,0.36707247763641754,20
obj_09_ball,0.5,joint,2,2.2169116344799464,4822.442595105475,0.45107797011250056,20
obj_09_ball,0.5,joint,3,1.4083479595092037,1357.9164194831628,0.7100517973899652,20
obj_09_ball,0.5,joint,4,1.2610564385717133,439.7318121700031,0.7929859199106197,20
obj_09_ball,0.75,joint,0,2011.9504577356565,21036.236827395864,0.0004970301312118028,20
obj_09_ball,0.75,joint,1,3.3088064476966625,10204.866099422956,0.3022237824446103,20
obj_09_ball,0.75,joint,2,2.637607800035578,4025.3067938447743,0.3791314235522474,20
obj_09_ball,0.75,joint,3,1.489026779336736,5125.471361674458,0.6715795940523209,20
obj_09_ball,0.75,joint,4,1.3176897429549892,664.4345375619602,0.7589039873357798,20
obj_09_ball,1.0,joint,0,3552.9818080098107,21946.6667067271,0.00028145373492923854,20
obj_09_ball,1.0,joint,1,3.964767096167883,4031.9715015945844,0.2522216250650745,20
obj_09_ball,1.0,joint,2,3.121618537403801,8150.587806571907,0.32034663685450937,20
obj_09_ball,1.0,joint,3,1.5643572584058067,905.6995550439408,0.6392401701252516,20
obj_09_ball,1.0,joint,4,1.370915445914721,545.4223299270509,0.7294395894217723,20
obj_10_pumpkin3,0.1,joint,0,22.297891149161487,453.01790777521995,0.04484729041461865,20
obj_10_pumpkin3,0.1,joint,1,2.0428285639340804,135.580470414202,0.48951733770267997,20
obj_10_pumpkin3,0.1,joint,2,1.9380052472104883,77.78626170834741,0.515994474957884,20
obj_10_pumpkin3,0.1,joint,3,1.331185857991522,38.83702973597239,0.751209903558312,20
obj_10_pumpkin3,0.1,joint,4,1.159353733007095,14.09262098225592,0.8625495148976073,20
obj_10_pumpkin3,0.2,joint,0,76.58879004267774,1386.0584871780682,0.013056741064100473,20
obj_10_pumpkin3,0.2,joint,1,2.250721312936671,280.2559797713401,0.44430200853931184,20
obj_10_pumpkin3,0.2,joint,2,2.0577677225200595,799.3368736600107,0.48596349775345055,20
obj_10_pumpkin3,0.2,joint,3,1.3831615900510954,433.6763815102077,0.7229813256765314,20
obj_10_pumpkin3,0.2,joint,4,1.1846189476228461,41.052905579589066,0.8441533051676088,20
obj_10_pumpkin3,0.35,joint,0,218.53294376393026,4726.281613470034,0.004575969109171237,20
obj_10_pumpkin3,0.35,joint,1,2.4094755242020898,2136.404260614603,0.41502807974409917,20
obj_10_pumpkin3,0.35,joint,2,2.1729557711979735,2312.1385599045243,0.4602026480496147,20
obj_10_pumpkin3,0.35,joint,3,1.421672055229155,812.2668687370985,0.7033970994378257,20
obj_10_pumpkin3,0.35,joint,4,1.2084292831311532,417.39041657261066,0.8275204962005774,20
obj_10_pumpkin3,0.5,joint,0,434.47372372215443,4623.966511757097,0.00230163516318768,20
obj_10_pumpkin3,0.5,joint,1,2.573698956212392,963.6950614798275,0.3885458311222456,20
obj_10_pumpkin3,0.5,joint,2,2.311691162528979,3981.6666988674187,0.4325837361881874,20
obj_10_pumpkin3,0.5,joint,3,1.4605107935227188,1131.8767560048827,0.6846919614938434,20
obj_10_pumpkin3,0.5,joint,4,1.2349825864173065,1166.3289826637426,0.8097280164095327,20
obj_10_pumpkin3,0.75,joint,0,961.1391208468145,18336.162278107524,0.0010404321063520409,20
obj_10_pumpkin3,0.75,joint,1,2.9145269993759646,4445.976206950964,0.34310884758113824,20
obj_10_pumpkin3,0.75,joint,2,2.606837946996827,4142.504293296878,0.38360650732126894,20
obj_10_pumpkin3,0.75,joint,3,1.5353381053159625,1256.9349185574024,0.651322335150541,20
obj_10_pumpkin3,0.75,joint,4,1.287788092262502,331.652637096019,0.7765252730696632,20
obj_10_pumpkin3,1.0,joint,0,1697.3367087293445,17962.693181200873,0.0005891582942011648,20
obj_10_pumpkin3,1.0,joint,1,3.3218930579884276,2940.307694108572,0.30103317070825575,20
obj_10_pumpkin3,1.0,joint,2,2.957921714602981,5662.078899471228,0.33807520836778543,20
obj_10_pumpkin3,1.0,joint,3,1.6159762618388036,1437.6163198775666,0.6188209713316641,20
obj_10_pumpkin3,1.0,joint,4,1.345003873842975,1183.7685742398298,0.743492282399736,20
obj_11_pine,0.1,joint,0,3.903619167211148,174.74981784567413,0.2561725304557379,20
obj_11_pine,0.1,joint,1,1.4183482054493886,9.669042883677593,0.705045486121062,20
obj_11_pine,0.1,joint,2,1.31229059585448,13.050630093955183,0.7620263401711447,20
obj_11_pine,0.1,joint,3,1.1588418722542533,9.747280252020301,0.862930503240046,20
obj_11_pine,0.1,joint,4,1.1188813967604723,3.1164680726620952,0.893749778033067,20
obj_11_pine,0.2,joint,0,10.228544570431445,511.64806921646397,0.09776561984104641,20
obj_11_pine,0.2,joint,1,2.086091622575158,45.76598182242331,0.4793653304477387,20
obj_11_pine,0.2,joint,2,1.5468492819502873,48.23967925452423,0.6464753946416727,20
obj_11_pine,0.2,joint,3,1.2668754749045956,32.70932908698817,0.7893435620223896,20
obj_11_pine,0.2,joint,4,1.231459200389265,30.177724045756705,0.8120447674465378,20
obj_11_pine,0.35,joint,0,24.510920632011292,1545.5262198720675,0.04079814116382062,20
obj_11_pine,0.35,joint,1,2.8918447906816667,329.60906736882936,0.34580002468399407,20
obj_11_pine,0.35,joint,2,1.6980375336754319,139.68148972115372,0.5889151330097413,20
obj_11_pine,0.35,joint,3,1.3419800766608223,144.92231101689654,0.7451675456227688,20
obj_11_pine,0.35,joint,4,1.2973844571381112,122.92163463689361,0.770781547827304,20
obj_11_pine,0.5,joint,0,44.903710286720724,2180.9541261971262,0.022269874663246432,20
obj_11_pine,0.5,joint,1,3.3817960781631915,284.60044120542386,0.2957008574399749,20
obj_11_pine,0.5,joint,2,1.7637988559444577,440.05785703728185,0.5669580727018513,20
obj_11_pine,0.5,joint,3,1.3774453624442924,311.1451860502185,0.7259816086102236,20
obj_11_pine,0.5,joint,4,1.3224668628901752,101.07992308827153,0.7561626140216153,20
obj_11_pine,0.75,joint,0,93.50132820377917,2297.484840476904,0.010695035238650029,20
obj_11_pine,0.75,joint,1,3.812795345727748,907.2860263710137,0.2622747641361092,20
obj_11_pine,0.75,joint,2,1.8225468065565382,317.94777137745217,0.5486827533880285,20
obj_11_pine,0.75,joint,3,1.408522960081361,498.42239770411754,0.7099635776915107,20
obj_11_pine,0.75,joint,4,1.3436826037802212,235.1534156113491,0.7442233732777898,20
obj_11_pine,1.0,joint,0,160.94444852804514,3409.3099809285873,0.006213323970759677,20
obj_11_pine,1.0,joint,1,4.045649482443679,1052.3973787536515,0.24717910049784483,20
obj_11_pine,1.0,joint,2,1.8671300633757084,449.39456603202945,0.5355813285936993,20
obj_11_pine,1.0,joint,3,1.430454087301437,273.49445603028,0.699078711352776,20
obj_11_pine,1.0,joint,4,1.3590971789947832,433.0760721215756,0.7357825587862826,20
obj_13_mushroom,0.1,joint,0,25.44063026007104,442.9203970169883,0.03930720228930396,20
obj_13_mushroom,0.1,joint,1,1.823984474247721,88.27306585343104,0.5482502807006826,20
obj_13_mushroom,0.1,joint,2,1.3952904632235557,73.11462310211752,0.7166966494486664,20
obj_13_mushroom,0.1,joint,3,1.2573798596249381,38.3316681014682,0.7953046108900523,20
obj_13_mushroom,0.1,joint,4,1.108261012884796,8.090638216145308,0.9023145165027565,20
obj_13_mushroom,0.2,joint,0,88.3978571953065,963.439260250477,0.011312491407914979,20
obj_13_mushroom,0.2,joint,1,2.02077614539093,418.31311846016746,0.4948593649429411,20
obj_13_mushroom,0.2,joint,2,1.4711943126520348,393.3420609169518,0.6797198652823496,20
obj_13_mushroom,0.2,joint,3,1.303123345919997,204.74459459737898,0.7673870651853039,20
obj_13_mushroom,0.2,joint,4,1.1348950002722413,63.53648029618561,0.8811387835527671,20
obj_13_mushroom,0.35,joint,0,253.27068531197273,5827.401956900171,0.003948344826280326,20
obj_13_mushroom,0.35,joint,1,2.166391443416855,1499.838168001054,0.461597096424453,20
obj_13_mushroom,0.35,joint,2,1.538699009861324,1184.7670408793476,0.6498996838180363,20
obj_13_mushroom,0.35,joint,3,1.3442418153594786,427.82107804468995,0.7439137724878607,20
obj_13_mushroom,0.35,joint,4,1.1556689414103591,252.8707057715849,0.8652997101225345,20
obj_13_mushroom,0.5,joint,0,503.40254290490674,9994.78312685975,0.0019864818207501606,20
obj_13_mushroom,0.5,joint,1,2.3057170951681796,3921.620313795092,0.4337045520873235,20
obj_13_mushroom,0.5,joint,2,1.6146223331549352,1902.8530769724105,0.6193398787232324,20
obj_13_mushroom,0.5,joint,3,1.3886969875673452,596.1053367912214,0.7200994953922623,20
obj_13_mushroom,0.5,joint,4,1.174126595638249,276.7048699507816,0.8516969155752795,20
obj_13_mushroom,0.75,joint,0,1111.6304396356988,12975.02537983618,0.0008995795404160737,20
obj_13_mushroom,0.75,joint,1,2.5930438176828674,2320.934348479576,0.38564716615301764,20
obj_13_mushroom,0.75,joint,2,1.7866937458064354,1917.2710174177882,0.5596930096985613,20
obj_13_mushroom,0.75,joint,3,1.4700078850145502,2523.2189374828904,0.6802684599138065,20
obj_13_mushroom,0.75,joint,4,1.2067526676644096,284.4411884013131,0.8286702211609229,20
obj_13_mushroom,1.0,joint,0,1960.491202603931,12351.133112475101,0.0005100762496010167,20
obj_13_mushroom,1.0,joint,1,2.948204174185878,2103.348137062687,0.3391895340071356,20
obj_13_mushroom,1.0,joint,2,2.013554466497653,1694.0438758167575,0.4966341942263848,20
obj_13_mushroom,1.0,joint,3,1.5500401254546887,1046.4936806930243,0.6451445892129147,20
obj_13_mushroom,1.0,joint,4,1.2402791894208627,324.7112294087541,0.8062700789706397,20
obj_16_friends_cup,0.1,joint,0,53.0044963781601,379.0481471196546,0.01886632395986765,20
obj_16_friends_cup,0.1,joint,1,2.21832386808372,173.17256862778348,0.45079080398834703,20
obj_16_friends_cup,0.1,joint,2,1.6688116310862346,111.5956677204706,0.599228805320045,20
obj_16_friends_cup,0.1,joint,3,1.2420166932963785,78.70383161328226,0.8051421574261991,20
obj_16_friends_cup,0.1,joint,4,1.1856086732698656,49.856904134351936,0.843448620565533,20
obj_16_friends_cup,0.2,joint,0,194.4875822721886,677.5603172356376,0.005141716444397378,20
obj_16_friends_cup,0.2,joint,1,2.3845365027954055,637.9203318330469,0.41936871120559255,20
obj_16_friends_cup,0.2,joint,2,1.7678198833093115,482.3987416045859,0.5656684877466288,20
obj_16_friends_cup,0.2,joint,3,1.277046926372794,213.82268670919024,0.7830565810453869,20
obj_16_friends_cup,0.2,joint,4,1.2131314066563204,117.07841439863499,0.8243130088901405,20
obj_16_friends_cup,0.35,joint,0,577.8631217868935,4184.310455234765,0.001730513615244656,20
obj_16_friends_cup,0.35,joint,1,2.622276600203776,1563.9971624672157,0.3813480240499002,20
obj_16_friends_cup,0.35,joint,2,1.927145031182082,1506.9530753936322,0.5189023056487944,20
obj_16_friends_cup,0.35,joint,3,1.3225054335442037,552.3543284955409,0.7561405606630166,20
obj_16_friends_cup,0.35,joint,4,1.2628707708606128,633.2795946753944,0.7918466584815536,20
obj_16_friends_cup,0.5,joint,0,1168.6693904064186,15198.964813077104,0.000855673989760473,20
obj_16_friends_cup,0.5,joint,1,2.925765563493991,1911.23505118689,0.34179088457305706,20
obj_16_friends_cup,0.5,joint,2,2.142427084381328,2275.8064250822927,0.466760342646047,20
obj_16_friends_cup,0.5,joint,3,1.3853324463759764,1122.9927101478631,0.7218483928648286,20
obj_16_friends_cup,0.5,joint,4,1.3211980191895132,585.8171078555405,0.7568888126349511,20
obj_16_friends_cup,0.75,joint,0,2615.6429455167504,20470.402438395035,0.00038231517865005784,20
obj_16_friends_cup,0.75,joint,1,3.5335979027124877,4358.96942848217,0.28299767758871835,20
obj_16_friends_cup,0.75,joint,2,2.5922325966489588,7016.613575099092,0.3857678517324117,20
obj_16_friends_cup,0.75,joint,3,1.5270834508116937,993.8844933227024,0.654843060127767,20
obj_16_friends_cup,0.75,joint,4,1.4082606075038802,702.1864283580311,0.7100958406927851,20
obj_16_friends_cup,1.0,joint,0,4640.764890149382,9776.187217912484,0.0002154817198610143,20
obj_16_friends_cup,1.0,joint,1,4.189321264395183,7126.228796461549,0.23870215170627912,20
obj_16_friends_cup,1.0,joint,2,3.090452431613649,1782.0635181785044,0.3235772179408243,20
obj_16_friends_cup,1.0,joint,3,1.673680957475389,419.3430278898223,0.5974854380302076,20
obj_16_friends_cup,1.0,joint,4,1.4807465139305078,827.3969762042642,0.6753350358027117,20
obj_17_pumpkin5,0.1,joint,0,23.407814949470904,263.03520017210997,0.04272077518378551,20
obj_17_pumpkin5,0.1,joint,1,1.7957338062056256,55.159304404857295,0.5568754102329865,20
obj_17_pumpkin5,0.1,joint,2,1.5426529684986081,123.87742758389729,0.6482339323362228,20
obj_17_pumpkin5,0.1,joint,3,1.2103822094024244,19.376466385067957,0.8261853092616986,20
obj_17_pumpkin5,0.1,joint,4,1.1314770689122446,46.241349882293555,0.8838005006688812,20
obj_17_pumpkin5,0.2,joint,0,79.29378639265703,1485.8794881766307,0.012611328648730094,20
obj_17_pumpkin5,0.2,joint,1,1.9396720766714854,394.36130070986496,0.5155510624847573,20
obj_17_pumpkin5,0.2,joint,2,1.6547203680288596,329.10203789181634,0.6043317162954988,20
obj_17_pumpkin5,0.2,joint,3,1.2587164923992893,65.00226034027507,0.7944600758299912,20
obj_17_pumpkin5,0.2,joint,4,1.1622661285000906,168.80194394004243,0.8603881464656501,20
obj_17_pumpkin5,0.35,joint,0,223.61050946424845,2961.964937328236,0.004472061721946406,20
obj_17_pumpkin5,0.35,joint,1,2.0517307991851217,628.7713895292732,0.4873933755818094,20
obj_17_pumpkin5,0.35,joint,2,1.7469854954108823,648.3498798303813,0.57241459796139,20
obj_17_pumpkin5,0.35,joint,3,1.2940755878378025,112.93404537150641,0.7727523874172166,20
obj_17_pumpkin5,0.35,joint,4,1.189522625223625,430.5474256024461,0.8406733750121015,20
obj_17_pumpkin5,0.5,joint,0,439.9257074206358,8592.390536845409,0.0022731110801939296,20
obj_17_pumpkin5,0.5,joint,1,2.173534777361596,2793.1615804156027,0.46008005504005645,20
obj_17_pumpkin5,0.5,joint,2,1.8402882444362663,1664.3689897080142,0.5433931358434173,20
obj_17_pumpkin5,0.5,joint,3,1.3242727198501805,168.19542800341915,0.7551314657551305,20
obj_17_pumpkin5,0.5,joint,4,1.2137173635391094,260.24502975745577,0.8239150481328491,20
obj_17_pumpkin5,0.75,joint,0,960.5075225390001,9990.891334780932,0.0010411162604501063,20
obj_17_pumpkin5,0.75,joint,1,2.432612667675377,1943.6989774473548,0.4110806513868924,20
obj_17_pumpkin5,0.75,joint,2,2.035288401527358,2223.959163707415,0.49133085967058127,20
obj_17_pumpkin5,0.75,joint,3,1.3793451125769833,639.4808220078644,0.7249817256623574,20
obj_17_pumpkin5,0.75,joint,4,1.254195954058291,764.9078103894653,0.7973235735326916,20
obj_17_pumpkin5,1.0,joint,0,1682.2516002554803,11518.84195004957,0.0005944414021351693,20
obj_17_pumpkin5,1.0,joint,1,2.7509812478187006,4984.0073857607385,0.36350665813986077,20
obj_17_pumpkin5,1.0,joint,2,2.279009494876937,1833.505844534295,0.4387871144231448,20
obj_17_pumpkin5,1.0,joint,3,1.4389152879921754,875.448915564628,0.6949679444961445,20
obj_17_pumpkin5,1.0,joint,4,1.293689706441599,656.0228254846974,0.7729828837786635,20
obj_18_fabric_hat,0.1,joint,0,5.830803600744205,368.0868961115646,0.17150294684464534,20
obj_18_fabric_hat,0.1,joint,1,1.7018843501540801,93.32052255405324,0.5875839917732747,20
obj_18_fabric_hat,0.1,joint,2,1.2969688934439194,23.893515055195234,0.7710285150668802,20
obj_18_fabric_hat,0.1,joint,3,1.147355673316637,16.293727645812915,0.8715693165218079,20
obj_18_fabric_hat,0.1,joint,4,1.0628757024044562,10.428707396695897,0.9408437860963256,20
obj_18_fabric_hat,0.2,joint,0,17.232315395971327,553.6285012842676,0.05803050704572097,20
obj_18_fabric_hat,0.2,joint,1,2.029376374180667,884.111439138705,0.49276221637483897,20
obj_18_fabric_hat,0.2,joint,2,1.402795208079199,137.60643720761237,0.7128624294128199,20
obj_18_fabric_hat,0.2,joint,3,1.2342391955485563,104.87350776682463,0.8102157212367178,20
obj_18_fabric_hat,0.2,joint,4,1.0896720251808576,21.502240372324916,0.9177073255909508,20
obj_18_fabric_hat,0.35,joint,0,45.31858677247581,3377.0408129141742,0.02206600141837055,20
obj_18_fabric_hat,0.35,joint,1,2.215836488922494,1659.630831910387,0.45129683755965,20
obj_18_fabric_hat,0.35,joint,2,1.465405311456985,983.9973442725832,0.6824050603486254,20
obj_18_fabric_hat,0.35,joint,3,1.287271540542389,239.85951108019128,0.7768368743541493,20
obj_18_fabric_hat,0.35,joint,4,1.1049434659023838,99.74026794008935,0.9050236784588082,20
obj_18_fabric_hat,0.5,joint,0,86.39352686072142,4207.67211539124,0.01157494127554419,20
obj_18_fabric_hat,0.5,joint,1,2.3125844851963593,667.8246056934026,0.43241663446301765,20
obj_18_fabric_hat,0.5,joint,2,1.4994074912010487,1172.1456840976482,0.6669301079715058,20
obj_18_fabric_hat,0.5,joint,3,1.3140099839705592,808.8530611412414,0.7610292251952975,20
obj_18_fabric_hat,0.5,joint,4,1.1136178297938897,109.90638408015461,0.8979741283282809,20
obj_18_fabric_hat,0.75,joint,0,183.05208771460613,3022.165596435741,0.005462925949028702,20
obj_18_fabric_hat,0.75,joint,1,2.440314210476964,5763.839584240208,0.4097832958176923,20
obj_18_fabric_hat,0.75,joint,2,1.5414076214505672,2408.591232573176,0.6487576589630025,20
obj_18_fabric_hat,0.75,joint,3,1.3482027835092965,925.1728099714569,0.7417281823117557,20
obj_18_fabric_hat,0.75,joint,4,1.1303373351226444,311.0727430421445,0.8846916481720012,20
obj_18_fabric_hat,1.0,joint,0,314.10944608971374,4849.055358913978,0.003183603716630626,20
obj_18_fabric_hat,1.0,joint,1,2.576578613094903,566.3604002006282,0.3881115813496691,20
obj_18_fabric_hat,1.0,joint,2,1.5834006083706422,2663.4855865237682,0.6315521130366524,20
obj_18_fabric_hat,1.0,joint,3,1.3833731126929012,2068.1174681923594,0.7228707792747109,20
obj_18_fabric_hat,1.0,joint,4,1.1752369991261256,83.60422072955316,0.8508922036521765,20
obj_19_cylinder,0.1,joint,0,4.1540044313052835,254.51687278985696,0.2407315679453373,20
obj_19_cylinder,0.1,joint,1,1.8770546282354446,88.45739345831142,0.5327495454621191,20
obj_19_cylinder,0.1,joint,2,1.2991618850767104,55.39506182471125,0.7697270151525065,20
obj_19_cylinder,0.1,joint,3,1.0927004829686844,12.435122729308043,0.9151638674883417,20
obj_19_cylinder,0.1,joint,4,1.0577790440042913,7.783916324214938,0.945377019584766,20
obj_19_cylinder,0.2,joint,0,12.648230902330678,2212.3537741389678,0.07906244025128692,20
obj_19_cylinder,0.2,joint,1,2.526926619192128,699.1058479915873,0.3957376492079162,20
obj_19_cylinder,0.2,joint,2,1.4243111276525096,228.11530009999487,0.7020937915777984,20
obj_19_cylinder,0.2,joint,3,1.129305240776526,47.634542274005284,0.8855001853284468,20
obj_19_cylinder,0.2,joint,4,1.0886157536176844,24.694666142463436,0.918597766637864,20
obj_19_cylinder,0.35,joint,0,34.83607555477393,1347.9463397626266,0.028705874128320413,20
obj_19_cylinder,0.35,joint,1,2.863691702288862,1840.1461658946407,0.3491996010606625,20
obj_19_cylinder,0.35,joint,2,1.4911756612560292,506.1861299266705,0.6706118038150461,20
obj_19_cylinder,0.35,joint,3,1.1568979485042654,98.56008123630926,0.864380476508653,20
obj_19_cylinder,0.35,joint,4,1.1036930780550356,137.36204806372882,0.9060489912306354,20
obj_19_cylinder,0.5,joint,0,68.10424075995985,5584.2825895279575,0.014683373441084223,20
obj_19_cylinder,0.5,joint,1,2.9976180102109216,1512.003794204938,0.33359820917597066,20
obj_19_cylinder,0.5,joint,2,1.525912135133338,2201.7761160636032,0.6553457286140644,20
obj_19_cylinder,0.5,joint,3,1.1722409315628322,567.4411634546409,0.8530669532813527,20
obj_19_cylinder,0.5,joint,4,1.1103094086279266,774.9610260140029,0.9006498478975853,20
obj_19_cylinder,0.75,joint,0,147.69630099775947,4397.625882927453,0.006770650268453033,20
obj_19_cylinder,0.75,joint,1,3.135037444974146,4090.401770587673,0.318975456450488,20
obj_19_cylinder,0.75,joint,2,1.5699168927691585,994.6472221122862,0.6369763932128353,20
obj_19_cylinder,0.75,joint,3,1.188004307543665,828.9566446759122,0.8417477896756238,20
obj_19_cylinder,0.75,joint,4,1.1188199976753919,520.0852269920231,0.8937988256178224,20
obj_19_cylinder,1.0,joint,0,257.1340614184828,6403.860140154797,0.0038890219151966458,20
obj_19_cylinder,1.0,joint,1,3.263572957733637,1417.1531951508396,0.30641263821919956,20
obj_19_cylinder,1.0,joint,2,1.6149062208547194,653.8001895904328,0.6192310036868465,20
obj_19_cylinder,1.0,joint,3,1.2001773646386014,439.65090758872844,0.8332101816477109,20
obj_19_cylinder,1.0,joint,4,1.1279749538747676,349.01511467875895,0.8865445075396807,20
